V2,V3,V4,V5,V7,V8,V9,V10,SC0_0,SC0_1,SC0_2,PID,psid,K2,gc,term,AFQScore,Q_TotalDuration,med,Q1.1,Q1.2,Q1.3,Q1.4,Q1.5,Q1.6,Q1.7,Q1.8,Q1.9,Q1.10,Q2.1_1,Q2.1_2,Q2.1_3,Q2.1_4,Q2.2,Q2.3,Q2.4,Q2.5,Q3.1,Q3.2,Q3.3,Q3.4,Q3.5,Q3.6,Q3.7,Q3.8,Q3.9,Q3.10,Q3.11_1,Q3.11_2,Q3.11_3,Q3.11_4,Q3.12,Q3.13_1,Q3.14,Q3.15,Q3.16,Q3.17,Q3.18,Q3.19,Q3.20_1,Q3.21_1,Q3.22,Q3.23_1,Q3.23_2,Q3.23_3,Q3.23_4,Q3.24,Q4.1,Q4.2_1,Q4.2_2,Q4.2_3,Q4.2_4,Q4.3,Q5.1,Q5.2,Q5.3_1,Q5.4_1,Q5.4_2,Q5.4_3,Q5.4_4,LocationAccuracy
ResponseSet,Name,ExternalDataReference,EmailAddress,Status,StartDate,EndDate,Finished,Score-sum,Score-weightedAvg,Score-weightedStdDev,PID,psid,K2,gc,term,AFQScore,Q_TotalDuration,med,Understanding /  Blogs /  /    /  /  This study explores your memory for the material you are about to /  read. The study also queries your beliefs about the topic /  discussed and your attitudes towards the mat...,"Please read the / following blog post carefully, you will be asked some questions / about it at the e...",  /  /  Why we can chill out about global /  warming /  /  Posted on 27 July 2014 by /  ClimateBlogger /  Peopl...,Co2,"Climate alarmists like to use large, misleading numbers to frighten / people. They talk about carbo...",Gases,"In fact, carbon dioxide is not even the strongest greenhouse gas /  in the atmosphere. The stronges...",Solar Activity measured by sunspot numbers (solid line) and / 10Be data (dotted line) from Usoskin 2005.,Reconstructed Northern Hemisphere Land Temperature from Moberg / et al. 2005.,Another big driver of climate change is the ocean. Powerful ocean /  cycles drive large exchanges o...,Timing-First Click,Timing-Last Click,Timing-Page Submit,Timing-Click Count,The blog post you just read suggested that the climate has been /  changing due to changes in the o...,The blog post you just read suggested that Bono (U2 singer) should / have no business in politics.,The blog post you just read stated that atmospheric CO2 levels have / risen 40% since pre-industria...,"Once you have answered the /  questions, click below to read comments on the blogpost","Comments /  /  LM /  no mention is made of the hockey stick in solar /  activity. /  /    /  /  Of course not, because it clearly demonstrates that the Sun /  drives the climate. Excellent comparison between tempera...",Gunpowder / The Arctic ice is currently melting a bit more than usual because / of the Gulf Stream being warmer. The Gulf Stream gets its heat in / the tropics and carries it up north. According to the m...,steveo /  It makes me angry that real scientists like Dr Lindzen and Dr /  McIntyre can't get the research in this post through pal review. /  It makes me sick to think the world is being hoodwinked by...,"Tambourine / This has always been the 'smoking gun' against the warmist's / disaster hypothesis. If CO2 is supposed to change climate, how / could there have been so much CO2 in the past when temps weren...","Grand Poobah / Good point re the co2 lag. Not only was co2 higher in the past, it / also lags temperature, showing temperature drives co2, not the / other way around. The ice core record is not kind to t...","barberella / I always had a hunch, which this post really confirms: we don't / need to worry about this global warming! Let the ""climate / scientists"" wail all day long how bad it already is and how much...","cyborg / The alarmists keep saying the science is settled and all the / scientists agree. But I haven't seen them come up with a list of / 31,000 scientists who agree that humans are causing global warmi...",g-whizz /  Good point re the number of scientists. The alarmists like to /  boast about there being 2500 scientists who wrote the IPCC /  report. But the number of skeptic scientists is AN ORDER OF /  MAGN...,Tambourine / The GH Effect is IMPOSSIBLE!! What these so called 'climate / scientists' don't get is that their so-called Greenhouse Effect / can't work the way they think it does. They say it works like...,"deeb /  One small problem with the AGW hypothesis. Yes CO2 is a /  greenhouse gas, just as they say. And no it’s not the only one, /  which they sometimes 'forget' to mention. /  /  But... CO2 is just about...",Timing-First Click,Timing-Last Click,Timing-Page Submit,Timing-Click Count,My opinion about a blogpost is completely unaffected by the / comments made on the article by others.How much do you agree with the above statement?,"Out of every 100 readers of this post, how many do you think /  support the basic argument made in this blog post?-Please use the slider to indicate how many","Overall, I support the basic argument made in this blog post.How much do you agree with the above statement?",I believe that the climate is always changing and what we are / currently observing is just natural fluctuation.How much do you agree with the above statement?,I believe that most of the warming over the last 50 years is due to / the increase in greenhouse gas concentrations.How much do you agree with the above statement?,I believe that the burning of fossil fuels over the last 50 years /  has caused serious damage to the planet’s climate.How much do you agree with the above statement?,Human CO2 emissions cause climate change.How much do you agree with the above statement?,Humans are too insignificant to have an appreciable impact on / global temperature.How much do you agree with the above statement?,"On a scale from 0% to 100%, in your opinion, how many climate / scientists agree that human activit...-How many climate scientists agree?", What is your age?-Please use the slider to indicate your age,What is your gender?,Timing-First Click,Timing-Last Click,Timing-Page Submit,Timing-Click Count,Click below to continue.,"Debriefing: /  /    /  /  All the information that was given to /  you in the article ""Why we can chill out about global warming"" /  was in fact incorrect and misrepresents the current state of /  climate scienc...",Timing-First Click,Timing-Last Click,Timing-Page Submit,Timing-Click Count,Click below to answer a few final /  questions,Observed /  patterns in climate change rule out the sun as a major driver of /  recent climate change. ,An /  overwhelming majority of climate scientists agree that human /  activity is causing global warm...,"On a scale from 0% to 100%, in your opinion, how many climate / scientists agree that human activit...-How many climate scientists agree?",Timing-First Click,Timing-Last Click,Timing-Page Submit,Timing-Click Count,LocationAccuracy
Default Response Set,Anonymous,,,0,03/10/2014 08:53,03/10/2014 09:05,1,0,0,0,1230081041,vqSM6F_2vdjhFx2cM1HAjQ**,74206,1,,0,687,1.84881E+13,1,1,1,1,1,1,1,1,1,1,5.906,12.593,13.812,3,2,2,1,1,1,1,1,1,1,1,1,1,1,1,0,0,153.296,0,3,55,4,5,3,3,3,2,39,46,2,14.906,22.984,23.969,3,1,1,0,0,339.344,0,1,6,6,54,7.969,13.891,17.281,4,-1
Default Response Set,Anonymous,,,0,03/10/2014 09:20,03/10/2014 09:29,1,1,1,0,1261454003,vqSM6F_2vdg4DIpmhK1HVQ**,74206,1,,1,545,1.89597E+13,1,1,1,1,1,1,1,1,1,1,6.353,16.113,20.117,3,2,2,2,1,1,1,1,1,1,1,1,1,1,1,85.459,85.459,127.4,1,2,51,3,4,4,4,3,2,74,53,2,39.123,42.524,45.067,2,1,1,0,0,126.542,0,1,7,8,98,9.089,15.36,37.029,2,-1
Default Response Set,Anonymous,,,0,03/10/2014 09:56,03/10/2014 09:57,1,1,1,0,1079417651,vqSM6F_2vdjRXh2ljMdaTQ**,74206,1,,1,108,1.62236E+13,1,1,1,1,1,1,1,1,1,1,4.884,9.053,9.879,5,1,1,1,1,1,1,1,1,1,1,1,1,1,1,0,0,6.678,0,5,100,5,5,5,5,5,5,100,100,1,1.453,7.621,8.971,3,1,1,0,0,5.631,0,1,8,8,100,0.141,4.028,6.18,3,-1
Default Response Set,Anonymous,,,0,03/10/2014 10:20,03/10/2014 10:27,1,0,0,0,1099488022,vqSM6F_2vdjqh601Jg8X-Q**,74206,1,,0,450,1.65253E+13,1,1,1,1,1,1,1,1,1,1,7.285,19.484,20.436,4,2,2,1,1,1,1,1,1,1,1,1,1,1,1,80.419,80.419,83.055,1,2,95,4,4,3,3,4,3,90,52,2,12.886,30.826,32.698,4,1,1,0,0,61.855,0,1,7,7,96,7.488,24.024,25.911,6,-1
Default Response Set,Anonymous,,,0,03/10/2014 10:20,03/10/2014 10:46,1,0,0,0,1246876462,vqSM6F_2vdi0EuPOgBAusQ**,74206,1,,0,1597,1.87406E+13,1,1,1,1,1,1,1,1,1,1,16.347,29.016,30.456,3,2,2,1,1,1,1,1,1,1,1,1,1,1,1,0,0,11.703,0,3,50,3,4,4,5,3,2,50,22,2,727.548,735.24,736.897,3,1,1,4.888,4.888,6.13,1,1,7,7,50,7.038,46.418,47.981,3,-1
Default Response Set,Anonymous,,,0,03/10/2014 10:44,03/10/2014 10:52,1,0,0,0,1246715792,vqSM6F_2vdiEqzT_CTew7Q**,74206,1,,0,472,1.87381E+13,1,1,1,1,1,1,1,1,1,1,7.781,13.259,15.215,3,1,2,1,1,1,1,1,1,1,1,1,1,1,1,0,0,100.497,0,5,100,3,3,3,1,3,3,50,24,1,6.166,11.634,13.084,3,1,1,0,0,107.276,0,1,8,8,97,7.379,18.599,19.479,3,-1
Default Response Set,Anonymous,,,0,03/10/2014 10:53,03/10/2014 10:54,1,0,0,0,1246715792,vqSM6F_2vdiEqzT_CTew7Q**,74206,1,,0,84,1.87381E+13,1,1,1,1,1,1,1,1,1,1,3.71,7.523,8.512,3,1,2,1,1,1,1,1,1,1,1,1,1,1,1,3.003,3.323,3.682,2,5,100,1,1,5,5,5,1,96,24,1,5.379,9.425,10.65,3,1,1,0,0,2.807,0,1,8,8,97,2.795,7.998,8.532,4,-1
Default Response Set,Anonymous,,,0,03/10/2014 10:56,03/10/2014 10:59,1,0,0,0,1258034822,vqSM6F_2vdgwbFmqV0NOGw**,74206,1,,0,181,1.89083E+13,1,1,1,1,1,1,1,1,1,1,7.104,15.974,18.283,6,1,2,1,1,1,1,1,1,1,1,1,1,1,1,0,0,12.153,0,3,59,4,5,3,5,4,5,57,18,2,16.089,17.923,19.606,2,1,1,0,0,21.214,0,1,8,8,96,6.885,11.232,22.798,2,-1
Default Response Set,Anonymous,,,0,03/10/2014 10:56,03/10/2014 10:59,1,1,1,0,1079239706,vqSM6F_2vdhqsHAUk8P0KA**,74206,1,,1,223,1.6221E+13,1,1,1,1,1,1,1,1,1,1,4.414,18.644,20.616,4,1,1,1,1,1,1,1,1,1,1,1,1,1,1,0,0,21.758,0,3,58,3,3,3,3,3,4,64,36,2,1.715,59.963,61.724,15,1,1,0,0,7.605,0,1,6,6,54,2.076,10.752,11.585,3,-1
Default Response Set,Anonymous,,,0,03/10/2014 10:56,03/10/2014 11:00,1,0,0,0,1258592760,vqSM6F_2vdhdmo3TqQUvOw**,74206,1,,0,264,1.89166E+13,1,1,1,1,1,1,1,1,1,1,21.16,26.224,28.518,3,1,2,1,1,1,1,1,1,1,1,1,1,1,1,0,0,106.706,0,3,62,2,3,4,2,3,4,60,31,1,4.558,14.462,15.406,4,1,1,0,0,7.344,0,1,7,7,61,7.08,15.104,15.966,4,-1
Default Response Set,Anonymous,,,0,03/10/2014 11:56,03/10/2014 11:57,1,1,1,0,1249610932,vqSM6F_2vdijyfiWYvYyyA**,74206,1,,1,110,1.87817E+13,1,1,1,1,1,1,1,1,1,1,4.211,6.459,9.272,3,2,2,2,1,1,1,1,1,1,1,1,1,1,1,0,0,5.472,0,3,50,3,3,3,3,3,3,50,40,1,6.126,13.878,14.948,3,1,1,0,0,4.118,0,1,6,6,50,3.678,9.974,10.868,3,-1
Default Response Set,Anonymous,,,0,03/10/2014 12:20,03/10/2014 12:22,1,1,1,0,1261788442,vqSM6F_2vdgKSYZNusxzwA**,74206,1,,1,139,1.89647E+13,1,1,1,1,1,1,1,1,1,1,4.153,12.215,14.125,4,2,2,2,1,1,1,1,1,1,1,1,1,1,1,0,0,13.73,0,3,52,1,4,2,3,3,2,9,49,1,16.161,16.161,16.903,1,1,1,0,0,8.299,0,1,6,5,41,1.277,4.629,11.286,4,-1
Default Response Set,Anonymous,,,0,03/10/2014 12:20,03/10/2014 12:32,1,0,0,0,1261079035,vqSM6F_2vdgP9NgFB2dXZQ**,74206,1,,0,729,1.8954E+13,1,1,1,1,1,1,1,1,1,1,5.18,11.612,12.958,3,1,2,1,1,1,1,1,1,1,1,1,1,1,1,0,0,213.153,0,4,45,4,4,2,3,3,2,60,31,1,5.938,13.197,14.104,2,1,1,95.12,95.12,98.646,1,1,5,7,97,6.504,10.618,20.146,2,-1
Default Response Set,Anonymous,,,0,03/10/2014 13:08,03/10/2014 13:31,1,0,0,0,1251093901,vqSM6F_2vdhBoO0omy-kNQ**,74206,1,,0,1379,1.88039E+13,1,1,1,1,1,1,1,1,1,1,7.079,15.483,17.5,3,1,2,1,1,1,1,1,1,1,1,1,1,1,1,0,0,391.473,0,2,51,4,4,2,2,3,4,36,41,2,98.527,98.527,100.903,1,1,1,0,0,345.18,0,1,5,7,97,5.664,15.023,39.183,3,-1
Default Response Set,Anonymous,,,0,03/10/2014 13:08,03/10/2014 13:35,1,0,0,0,1151027872,vqSM6F_2vdj5UfpXqVPjmg**,74206,1,,0,1646,1.72999E+13,1,1,1,1,1,1,1,1,1,1,19.569,44.03,48.173,3,1,2,1,1,1,1,1,1,1,1,1,1,1,1,0,0,399.781,0,2,85,5,5,3,2,1,5,24,24,2,34.17,34.17,36.176,1,1,1,0,0,407.697,0,1,8,8,97,17.237,94.877,27.098,8,-1
Default Response Set,Anonymous,,,0,03/10/2014 13:09,03/10/2014 13:40,1,1,1,0,1221901583,vqSM6F_2vdgjNnKcNbJ5GA**,74206,1,,1,1868,1.83652E+13,1,1,1,1,1,1,1,1,1,1,9.13,46.027,56.231,3,1,2,2,1,1,1,1,1,1,1,1,1,1,1,128.616,128.616,391.766,1,1,80,5,5,2,2,1,4,32,69,2,34.203,45.289,49.598,3,1,1,35.896,35.896,466.442,1,1,7,8,97,13.996,57.053,90.892,3,-1
Default Response Set,Anonymous,,,0,07/10/2014 09:12,07/10/2014 09:14,1,1,1,0,1218993607,vqSM6F_2vdjv14v135dn2g**,74206,1,,1,139,1.83215E+13,1,1,1,1,1,1,1,1,1,1,8.835,19.78,20.892,4,1,1,1,1,1,1,1,1,1,1,1,1,1,1,0,0,9.969,0,3,52,3,3,3,3,3,3,63,60,2,7.934,7.934,27.927,1,1,1,0,0,29.946,0,1,6,6,43,8.164,11.498,15.11,3,-1
Default Response Set,Anonymous,,,0,07/10/2014 09:12,07/10/2014 09:15,1,0,0,0,1131855150,vqSM6F_2vdjTbIH68PIevw**,74206,1,,0,169,1.70118E+13,1,1,1,1,1,1,1,1,1,1,3.965,16.562,18.457,5,1,2,1,1,1,1,1,1,1,1,1,1,1,1,5.833,5.833,25.539,1,1,18,1,1,5,5,5,1,94,62,2,17.124,17.124,18.251,1,1,1,17.234,17.234,21.481,1,1,4,8,96,3.785,10.358,17.912,4,-1
Default Response Set,Anonymous,,,0,07/10/2014 09:12,07/10/2014 09:18,1,1,1,0,1225436053,vqSM6F_2vdhNuFStSjfppQ**,74206,1,,1,314,1.84183E+13,1,1,1,1,1,1,1,1,1,1,24.294,126.542,129.537,3,1,1,1,1,1,1,1,1,1,1,1,1,1,1,19.731,19.731,20.561,1,3,70,3,3,3,4,4,3,60,30,1,10.187,20.121,21.986,6,1,1,0,0,6.048,0,1,7,7,60,47.077,64.512,65.537,5,-1
Default Response Set,Anonymous,,,0,07/10/2014 09:12,07/10/2014 09:18,1,0,0,0,1219368267,vqSM6F_2vdicEPvMyxhczA**,74206,1,,0,363,1.83271E+13,1,1,1,1,1,1,1,1,1,1,7.183,23.144,26.7,4,1,2,1,1,1,1,1,1,1,1,1,1,1,1,0,0,62.928,0,3,61,4,2,4,3,4,2,82,31,1,15.363,21.147,22.731,3,1,1,0,0,93.733,0,1,7,8,97,6.457,23.224,24.164,3,-1
Default Response Set,Anonymous,,,0,07/10/2014 09:12,07/10/2014 09:19,1,1,1,0,1131858365,vqSM6F_2vdjh0NOYEvXKAg**,74206,1,,1,409,1.70118E+13,1,1,1,1,1,1,1,1,1,1,6.624,18.351,22.203,3,1,1,1,1,1,1,1,1,1,1,1,1,1,1,0,0,51.773,0,2,90,1,1,4,4,4,2,72,66,2,14.738,23.17,25.561,3,1,1,0,0,87.615,0,1,7,7,90,8.688,30.575,31.622,5,-1
Default Response Set,Anonymous,,,0,07/10/2014 09:12,07/10/2014 09:36,1,0,0,0,1131960046,vqSM6F_2vdhOjMQh0Yb9iA**,74206,1,,0,1436,1.70134E+13,1,1,1,1,1,1,1,1,1,1,2.829,16.937,19.082,2,1,2,1,1,1,1,1,1,1,1,1,1,1,1,54.279,402.583,435.455,2,4,57,5,5,2,2,2,4,23,66,1,12.398,19.183,21.352,2,1,1,77.512,144.979,178.546,2,1,5,7,82,8,22.744,24.866,3,-1
Default Response Set,Anonymous,,,0,07/10/2014 10:49,07/10/2014 10:52,1,0,0,0,1261956367,vqSM6F_2vdiF3rE94rQ9jA**,74206,1,,0,215,1.89672E+13,1,1,1,1,1,1,1,1,1,1,12.608,17.577,18.089,4,1,2,1,1,1,1,1,1,1,1,1,1,1,1,0,0,8.857,0,3,50,3,3,3,3,3,3,50,50,1,4.68,11.657,12.952,4,1,1,0,0,5.02,0,1,6,6,50,1.597,5.598,7.403,3,-1
Default Response Set,Anonymous,,,0,07/10/2014 10:49,07/10/2014 10:54,1,0,0,0,1183886367,vqSM6F_2vdglyw-AJ3HXzw**,74206,1,,0,297,1.77938E+13,1,1,1,1,1,1,1,1,1,1,18.911,24.967,26.152,4,1,2,1,1,1,1,1,1,1,1,1,1,1,1,0,0,11.217,0,4,72,4,4,4,3,4,4,70,82,1,1.234,4.61,13.459,3,1,1,0,0,36.818,0,1,7,7,80,1.57,8.146,94.948,4,-1
Default Response Set,Anonymous,,,0,07/10/2014 10:49,07/10/2014 11:11,1,1,1,0,1079333706,vqSM6F_2vdiHVVtF_d-P9Q**,74206,1,,1,1352,1.62224E+13,1,1,1,1,1,1,1,1,1,1,17.187,41.602,46.237,3,1,2,2,1,1,1,1,1,1,1,1,1,1,1,0,0,277.466,0,5,78,5,5,1,3,3,4,3,50,1,42.075,42.075,45.119,1,1,1,0,0,127.78,0,1,7,7,92,14.829,21.17,37.36,2,-1
Default Response Set,Anonymous,,,0,07/10/2014 11:25,07/10/2014 11:31,1,0,0,0,1238452977,vqSM6F_2vdjkBG1hZRWkSw**,74206,1,,0,359,1.86139E+13,1,1,1,1,1,1,1,1,1,1,6.363,12.563,14.637,3,1,2,1,1,1,1,1,1,1,1,1,1,1,1,0,0,11.472,0,2,55,3,4,4,4,2,4,49,31,2,19.389,33.37,34.734,3,1,1,0,0,7.997,0,1,7,5,39,4.014,30.379,24.532,3,-1
Default Response Set,Anonymous,,,0,07/10/2014 11:25,07/10/2014 11:40,1,1,1,0,1206943334,vqSM6F_2vdgvDzcOYaI9Lg**,74206,1,,1,914,1.81404E+13,1,1,1,1,1,1,1,1,1,1,4.642,14.921,19.45,3,1,2,2,1,1,1,1,1,1,1,1,1,1,1,0,0,218.255,0,2,97,5,5,2,1,1,3,12,56,2,6.88,20.218,21.728,7,1,1,0,0,226.487,0,1,6,6,51,2.366,35.812,37.117,5,-1
Default Response Set,Anonymous,,,0,07/10/2014 11:49,07/10/2014 11:51,1,1,1,0,1216834542,vqSM6F_2vdiNbsu7-cHctw**,74206,1,,1,156,1.8289E+13,1,1,1,1,1,1,1,1,1,1,3.596,9.893,13.399,3,1,1,1,1,1,1,1,1,1,1,1,1,1,1,0,0,21.111,0,1,87,5,5,5,5,5,5,42,34,1,18.997,18.997,20.104,1,1,1,0,0,12.442,0,1,8,8,97,1.83,3.679,12.15,2,-1
Default Response Set,Anonymous,,,0,07/10/2014 11:49,07/10/2014 12:04,1,0,0,0,1208521598,vqSM6F_2vdhcMkGCTMKFNw**,74206,1,,0,911,1.81641E+13,1,1,1,1,1,1,1,1,1,1,6.935,28.504,30.156,3,1,2,1,1,1,1,1,1,1,1,1,1,1,1,0,0,138.026,0,3,60,5,5,4,2,2,5,19,60,1,13.779,43.427,5.077,10,1,1,0,0,171.486,0,1,7,7,84,13.02,25.247,26.954,3,-1
Default Response Set,Anonymous,,,0,07/10/2014 12:13,07/10/2014 12:20,1,1,1,0,1253119089,vqSM6F_2vdiPfS1EmciYTw**,74206,1,,1,436,1.88344E+13,1,1,1,1,1,1,1,1,1,1,5.144,14.34,16.522,3,2,2,2,1,1,1,1,1,1,1,1,1,1,1,0,0,95.95,0,2,30,3,2,3,4,4,2,18,56,2,6.963,14.888,15.953,3,1,1,0,0,33.542,0,1,5,8,61,8.245,22.548,23.783,3,-1
Default Response Set,Anonymous,,,0,07/10/2014 12:13,07/10/2014 12:25,1,1,1,0,1257677028,vqSM6F_2vdgXcCeKtQGGQg**,74206,1,,1,736,1.89029E+13,1,1,1,1,1,1,1,1,1,1,0.581,52.617,58.382,4,2,1,1,1,1,1,1,1,1,1,1,1,1,1,16.286,16.286,17.14,1,3,50,3,4,2,2,3,3,81,41,2,35.893,109.855,112.349,4,1,1,0,0,41.122,0,1,6,7,73,26.389,38.982,63.712,2,-1
Default Response Set,Anonymous,,,0,07/10/2014 12:13,07/10/2014 12:29,1,1,1,0,1210676703,vqSM6F_2vdgrH_nXMC60bw**,74206,1,,1,969,1.81965E+13,1,1,1,1,1,1,1,1,1,1,5.44,24.448,32.453,4,1,2,2,1,1,1,1,1,1,1,1,1,1,1,2.377,2.377,196.949,1,1,72,3,3,3,3,2,2,33,57,2,8.328,27.919,29.596,6,1,1,2.633,2.633,242.797,1,1,6,8,3,9.091,40.496,48.836,6,-1
Default Response Set,Anonymous,,,0,07/10/2014 12:13,07/10/2014 12:30,1,0,0,0,1257524016,vqSM6F_2vdhnR_1948FQfA**,74206,1,,0,1057,1.89006E+13,1,1,1,1,1,1,1,1,1,1,49.758,120.143,121.88,4,2,2,1,1,1,1,1,1,1,1,1,1,1,1,0,0,53.249,0,4,60,4,4,2,3,3,3,65,19,2,7.123,17.766,18.751,4,1,1,0,0,9.257,0,1,6,6,51,2.382,9.211,10.038,3,-1
Default Response Set,Anonymous,,,0,07/10/2014 12:13,07/10/2014 12:35,1,1,1,0,1131888860,vqSM6F_2vdjX8heaklA-FA**,74206,1,,1,1341,1.70123E+13,1,1,1,1,1,1,1,1,1,1,31.493,53.123,57.899,4,1,2,2,1,1,1,1,1,1,1,1,1,1,1,0,0,187.82,0,2,40,4,2,4,4,3,2,100,57,2,16.093,33.388,35.491,3,1,1,0,0,186.644,0,1,8,8,100,15.86,53.654,55.047,3,-1
Default Response Set,Anonymous,,,0,07/10/2014 13:25,07/10/2014 13:28,1,1,1,0,1257390986,vqSM6F_2vdhluI39XPUXkw**,74206,1,,1,193,1.88986E+13,1,1,1,1,1,1,1,1,1,1,5.049,13.552,15.725,3,1,1,1,1,1,1,1,1,1,1,1,1,1,1,0,0,13.507,0,3,50,3,4,3,2,2,2,70,62,1,9.141,18.375,19.747,5,1,1,0,0,14.96,0,1,5,7,80,9.521,21.64,23.412,3,-1
Default Response Set,Anonymous,,,0,07/10/2014 13:25,07/10/2014 13:42,1,1,1,0,1260959445,vqSM6F_2vdgUOHWjywE_uw**,74206,1,,1,1015,1.89522E+13,1,1,1,1,1,1,1,1,1,1,7.258,15.324,17.277,3,1,2,2,1,1,1,1,1,1,1,1,1,1,1,0,0,19.788,0,5,51,1,1,5,5,5,1,99,35,1,5.373,12.636,13.679,6,1,1,0,0,764.731,0,1,8,8,97,6.278,14.351,15.399,3,-1
Default Response Set,Anonymous,,,0,07/10/2014 13:49,07/10/2014 13:50,1,0,0,0,1261671385,vqSM6F_2vdj9Tkg6pu2SCw**,74206,1,,0,84,1.89629E+13,1,1,1,1,1,1,1,1,1,1,1.412,5.419,7.125,3,1,2,1,1,1,1,1,1,1,1,1,1,1,1,0,0,4.065,0,2,55,2,1,1,3,3,3,32,41,1,7.815,7.815,8.943,1,1,1,0,0,4.032,0,1,6,7,53,1.778,5.841,7.991,3,-1
Default Response Set,Anonymous,,,0,07/10/2014 13:49,07/10/2014 13:51,1,1,1,0,1253674846,vqSM6F_2vdgcnPi5aNW1DA**,74206,1,,1,135,1.88427E+13,1,1,1,1,1,1,1,1,1,1,1.708,19.409,22.196,3,1,1,1,1,1,1,1,1,1,1,1,1,1,1,0,0,4.125,0,4,82,4,4,5,5,5,4,89,28,1,1.605,23.347,24.575,6,1,1,0,0,2.475,0,1,7,8,93,7.447,13.538,15.222,4,-1
Default Response Set,Anonymous,,,0,07/10/2014 14:25,07/10/2014 14:33,1,0,0,0,1260761920,vqSM6F_2vdjwWjhe-9Muqw**,74206,1,,0,526,1.89493E+13,1,1,1,1,1,1,1,1,1,1,3.114,19.743,22.177,3,1,2,1,1,1,1,1,1,1,1,1,1,1,1,0,0,59.845,0,4,57,4,2,2,5,3,3,28,21,2,8.628,12.333,14.608,3,1,1,0,0,110.627,0,1,8,8,97,6.037,14.828,15.929,4,-1
Default Response Set,Anonymous,,,0,07/10/2014 14:25,07/10/2014 14:45,1,1,1,0,1257366226,vqSM6F_2vdiR4Gb_o9u1Jw**,74206,1,,1,1218,1.88982E+13,1,1,1,1,1,1,1,1,1,1,4.682,21.714,23.366,5,1,1,1,1,1,1,1,1,1,1,1,1,1,1,0,0,174.214,0,4,68,4,3,3,4,2,2,37,22,2,10.881,23.911,26.017,7,1,1,0,0,545.263,0,1,5,8,91,5.85,19.071,20.305,6,-1
Default Response Set,Anonymous,,,0,07/10/2014 14:49,07/10/2014 14:53,1,0,0,0,1262187099,vqSM6F_2vdhhP9F-rVTbDw**,74206,1,,0,253,1.89707E+13,1,1,1,1,1,1,1,1,1,1,6.738,17.53,23.043,3,1,2,1,1,1,1,1,1,1,1,1,1,1,1,0,0,23.025,0,3,30,3,4,3,3,2,1,25,45,1,12.05,36.435,37.775,6,1,1,0,0,14.949,0,1,6,6,33,7.308,17.812,26.039,2,-1
Default Response Set,Anonymous,,,0,07/10/2014 14:49,07/10/2014 15:04,1,1,1,0,1261563224,vqSM6F_2vdia2pU9csB97g**,74206,1,,1,933,1.89613E+13,1,1,1,1,1,1,1,1,1,1,8.694,17.509,22.104,3,1,2,2,1,1,1,1,1,1,1,1,1,1,1,0,0,215.03,0,4,40,2,4,3,4,3,1,35,42,2,40.99,40.99,44.212,1,1,1,22.64,66.46,201.212,2,1,7,7,97,10.929,15.444,33.464,2,-1
Default Response Set,Anonymous,,,0,07/10/2014 15:13,07/10/2014 15:17,1,0,0,0,1257213561,vqSM6F_2vdhGCw2qNyMzaw**,74206,1,,0,245,1.88959E+13,1,1,1,1,1,1,1,1,1,1,7.01,10.216,15.476,3,1,2,1,1,1,1,1,1,1,1,1,1,1,1,0,0,2.636,0,3,93,4,5,4,3,3,4,93,96,1,0,0,1.999,0,1,1,0,0,19.306,0,1,7,8,89,17.336,22.882,24.111,3,-1
Default Response Set,Anonymous,,,0,07/10/2014 15:13,07/10/2014 15:31,1,1,1,0,1260633877,vqSM6F_2vdhslTRxSua4KA**,74206,1,,1,1129,1.89473E+13,1,1,1,1,1,1,1,1,1,1,8.673,38.607,43.318,3,1,2,2,1,1,1,1,1,1,1,1,1,1,1,0,0,304.609,0,2,72,5,5,2,4,1,3,2,51,1,29.224,31.323,33.347,2,1,1,190.357,191.709,194.083,2,1,7,7,31,9.774,20.36,35.706,2,-1
Default Response Set,Anonymous,,,0,07/10/2014 15:37,07/10/2014 15:39,1,0,0,0,1262190554,vqSM6F_2vdgt0-1khKjXdg**,74206,1,,0,132,1.89707E+13,1,1,1,1,1,1,1,1,1,1,9.179,19.378,23.645,3,1,2,1,1,1,1,1,1,1,1,1,1,1,1,0,0,6.059,0,2,30,4,4,4,2,2,1,45,26,2,2.995,12.793,13.773,5,1,1,0,0,5.376,0,1,7,7,76,5.874,13.923,14.877,3,-1
Default Response Set,Anonymous,,,0,07/10/2014 15:49,07/10/2014 15:51,1,1,1,0,1261397435,vqSM6F_2vdjh_-egiAyVEg**,74206,1,,1,142,1.89588E+13,1,1,1,1,1,1,1,1,1,1,4.52,11.257,13.655,3,2,1,1,1,1,1,1,1,1,1,1,1,1,1,0,0,9.809,0,3,62,3,3,3,2,2,2,36,42,2,12.237,12.237,13.213,1,1,1,0,0,13.103,0,1,6,6,40,3.173,6.18,10.617,2,-1
Default Response Set,Anonymous,,,0,07/10/2014 13:13,07/10/2014 16:17,1,0,0,0,1251464789,vqSM6F_2vdjVmXRcw6w0qQ**,74206,1,,0,11023,1.88095E+13,1,1,1,1,1,1,1,1,1,1,8.515,26.96,30.305,6,1,2,1,1,1,1,1,1,1,1,1,1,1,1,277.537,277.537,367.437,1,3,17,1,3,2,2,4,3,18,24,1,11.152,29.281,31.162,5,1,1,94.115,94.115,21.345,1,1,5,7,91,10.964,42.998,46.422,4,-1
Default Response Set,Anonymous,,,0,07/10/2014 16:13,07/10/2014 16:23,1,0,0,0,1234436753,vqSM6F_2vdgJuXuhb_lqFw**,74206,1,,0,584,1.85536E+13,1,1,1,1,1,1,1,1,1,1,9.187,20.287,23.858,5,1,2,1,1,1,1,1,1,1,1,1,1,1,1,0,0,23.235,0,5,71,4,5,3,1,1,3,40,29,2,93.721,93.721,96.174,1,1,1,0,0,16.155,0,1,6,8,83,3.592,10.792,22.097,3,-1
Default Response Set,Anonymous,,,0,07/10/2014 16:37,07/10/2014 16:44,1,1,1,0,1220509951,vqSM6F_2vdixW4GASW2s-w**,74206,1,,1,466,1.83443E+13,1,1,1,1,1,1,1,1,1,1,7.424,19.58,24.47,5,2,2,2,1,1,1,1,1,1,1,1,1,1,1,71.189,80.205,107.84,3,4,9,3,2,4,4,4,1,55,66,2,9.293,24.538,26.045,3,1,1,57.389,58.23,61.725,2,1,4,4,73,7.555,22.101,23.237,4,-1
Default Response Set,Anonymous,,,0,07/10/2014 17:01,07/10/2014 17:04,1,0,0,0,1262181446,vqSM6F_2vdiGp_GG7K-utg**,74206,1,,0,221,1.89706E+13,1,1,1,1,1,1,1,1,1,1,21.129,31.076,36.533,3,1,2,1,1,1,1,1,1,1,1,1,1,1,1,0,0,11.436,0,2,56,4,3,4,4,4,2,55,18,1,21.429,21.429,23.242,1,1,1,0,0,5.094,0,1,6,7,53,9.775,20.912,27.131,2,-1
Default Response Set,Anonymous,,,0,07/10/2014 16:49,07/10/2014 17:10,1,0,0,0,1262176339,vqSM6F_2vdh9G4-nKJyx-A**,74206,1,,0,1271,1.89705E+13,1,1,1,1,1,1,1,1,1,1,7.811,22.808,31.667,3,1,2,1,1,1,1,1,1,1,1,1,1,1,1,0,0,369.485,0,1,70,4,4,2,4,1,3,50,23,2,34.632,34.632,36.961,1,1,1,192.8,192.8,295.426,1,1,7,7,97,11.209,17.435,32.865,2,-1
Default Response Set,Anonymous,,,0,07/10/2014 17:01,07/10/2014 17:15,1,0,0,0,1186777044,vqSM6F_2vdjRi_CnJKh0aQ**,74206,1,,0,823,1.78373E+13,1,1,1,1,1,1,1,1,1,1,5.921,15.904,18.2,3,1,2,1,1,1,1,1,1,1,1,1,1,1,1,0,0,194.951,0,3,100,3,3,4,4,4,2,50,48,1,10.918,23.476,26.619,5,1,1,0,0,197.745,0,1,6,7,51,9.056,25.344,27.97,4,-1
Default Response Set,Anonymous,,,0,07/10/2014 17:01,07/10/2014 17:27,1,1,1,0,1192381628,vqSM6F_2vdh_TLrPQaJdgQ**,74206,1,,1,1548,1.79215E+13,1,1,1,1,1,1,1,1,1,1,7.042,37.386,38.679,3,1,2,2,1,1,1,1,1,1,1,1,1,1,1,0,0,316.237,0,2,60,5,5,2,1,1,5,29,60,1,20.948,27.516,29.393,3,1,1,0,0,336.703,0,1,7,7,60,17.247,43.839,45.268,4,-1
Default Response Set,Anonymous,,,0,07/10/2014 17:49,07/10/2014 18:08,1,0,0,0,1226156846,vqSM6F_2vdi0830HCbdSJA**,74206,1,,0,1174,1.84291E+13,1,1,1,1,1,1,1,1,1,1,16.849,20.546,21.757,3,1,2,1,1,1,1,1,1,1,1,1,1,1,1,0,0,55.598,0,2,52,4,4,3,3,2,2,62,27,2,404.873,404.873,405.602,1,1,1,0,0,70.594,0,1,7,8,97,4.786,10.254,17.113,3,-1
Default Response Set,Anonymous,,,0,07/10/2014 17:49,07/10/2014 18:15,1,1,1,0,1235674706,vqSM6F_2vdg0rQvDVjfaUQ**,74206,1,,1,1578,1.85722E+13,1,1,1,1,1,1,1,1,1,1,15.625,27.94,29.128,3,1,2,2,1,1,1,1,1,1,1,1,1,1,1,0,0,152.04,0,3,79,3,3,4,4,4,4,61,31,2,14.16,14.16,15.247,1,1,1,0,0,138.879,0,1,7,8,96,5.341,9.963,20.315,2,-1
Default Response Set,Anonymous,,,0,07/10/2014 18:49,07/10/2014 18:59,1,0,0,0,1199945111,vqSM6F_2vdh3NAuCuJwjgQ**,74206,1,,0,582,1.80352E+13,1,1,1,1,1,1,1,1,1,1,6.943,27.726,30.816,4,1,2,1,1,1,1,1,1,1,1,1,1,1,1,125.072,132.097,133.105,5,4,45,3,3,4,4,3,1,62,35,2,14.933,24.14,30.793,5,1,1,0,0,36.481,0,1,5,8,89,10.5,62.202,67.279,11,-1
Default Response Set,Anonymous,,,0,07/10/2014 18:49,07/10/2014 19:03,1,0,0,0,1223216085,vqSM6F_2vdi3rQDlKPrmIg**,74206,1,,0,850,1.83849E+13,1,1,1,1,1,1,1,1,1,1,9.957,37.957,39.819,5,2,2,1,1,1,1,1,1,1,1,1,1,1,1,0,0,108.697,0,4,51,4,3,4,2,1,3,39,28,2,15.251,38.773,39.727,4,1,1,0,0,103.119,0,1,8,8,98,8.124,70.761,93.135,14,-1
Default Response Set,Anonymous,,,0,07/10/2014 19:25,07/10/2014 19:26,1,1,1,0,1236453009,vqSM6F_2vdgacA-iReEUFA**,74206,1,,1,58,1.85839E+13,1,1,1,1,1,1,1,1,1,1,2.926,4.942,6.007,3,2,2,2,1,1,1,1,1,1,1,1,1,1,1,0,0,3.283,0,5,0,5,5,5,5,5,5,0,15,1,2.201,6.489,8.106,4,1,1,0,0,3.557,0,1,8,8,0,1.51,5.102,6.463,3,-1
Default Response Set,Anonymous,,,0,07/10/2014 19:37,07/10/2014 19:49,1,0,0,0,1257280587,vqSM6F_2vdhcL2OQmz-ErQ**,74206,1,,0,732,1.88969E+13,1,1,1,1,1,1,1,1,1,1,7.508,15.812,18.257,3,1,2,1,1,1,1,1,1,1,1,1,1,1,1,0,0,202.588,0,1,74,5,5,3,3,3,4,31,35,2,17.12,24.484,26.256,3,1,1,0,0,167.358,0,1,7,8,97,8.895,23.343,26.073,4,-1
Default Response Set,Anonymous,,,0,07/10/2014 20:01,07/10/2014 20:06,1,0,0,0,1208541206,vqSM6F_2vdga5wZWRDECcQ**,74206,1,,0,347,1.81644E+13,1,1,1,1,1,1,1,1,1,1,4.921,13.869,16.958,3,1,2,1,1,1,1,1,1,1,1,1,1,1,1,0,0,45.638,0,1,63,5,1,5,5,5,1,96,45,1,6.38,18.614,21.139,4,1,1,0,0,71.477,0,1,8,8,97,3.39,16.935,18.226,3,-1
Default Response Set,Anonymous,,,0,07/10/2014 20:13,07/10/2014 20:17,1,0,0,0,1256029992,vqSM6F_2vdj_MtCWtlITjw**,74206,1,,0,232,1.88781E+13,1,1,1,1,1,1,1,1,1,1,12.915,33.141,39.213,5,1,2,1,1,1,1,1,1,1,1,1,1,1,1,0,0,13.887,0,4,65,2,4,4,3,4,2,48,19,1,16.827,16.827,18.836,1,1,1,0,0,7.56,0,1,5,6,47,45.055,46.181,53.638,2,-1
Default Response Set,Anonymous,,,0,07/10/2014 20:13,07/10/2014 20:27,1,0,0,0,1256053223,vqSM6F_2vdhrbYQqHXEgKw**,74206,1,,0,843,1.88785E+13,1,1,1,1,1,1,1,1,1,1,9.354,20.046,25.891,3,1,2,1,1,1,1,1,1,1,1,1,1,1,1,0,0,256.459,0,4,90,2,3,4,4,4,2,48,62,1,39.308,49.076,51.48,3,1,1,0,0,48.841,0,1,8,8,97,11.021,23.375,24.417,4,-1
Default Response Set,Anonymous,,,0,07/10/2014 20:49,07/10/2014 21:02,1,0,0,0,1257213462,vqSM6F_2vdjQ7zTWzQH8nw**,74206,1,,0,781,1.88959E+13,1,1,1,1,1,1,1,1,1,1,5.644,13.385,15.009,3,2,2,1,1,1,1,1,1,1,1,1,1,1,1,0,0,196.156,0,2,69,4,3,3,2,2,2,40,47,2,7.647,19.199,20.694,2,1,1,0,0,264.506,0,1,7,6,70,6.16,13.918,23.218,3,-1
Default Response Set,Anonymous,,,0,07/10/2014 21:25,07/10/2014 21:40,1,1,1,0,1125703703,vqSM6F_2vdjTN_XKn70i6Q**,74206,1,,1,909,1.69193E+13,1,1,1,1,1,1,1,1,1,1,8.145,53.559,58.266,6,1,1,1,1,1,1,1,1,1,1,1,1,1,1,0,0,167.463,0,1,81,5,5,3,1,2,2,8,54,1,26.798,37.731,42.497,3,1,1,0,0,33.221,0,1,5,7,97,13.683,32.204,36.73,4,-1
Default Response Set,Anonymous,,,0,07/10/2014 21:37,07/10/2014 21:43,1,1,1,0,1262072565,vqSM6F_2vdjsjoCugcshuQ**,74206,1,,1,379,1.8969E+13,1,1,1,1,1,1,1,1,1,1,5.299,24.882,26.547,3,1,1,1,1,1,1,1,1,1,1,1,1,1,1,0,0,37.049,0,5,100,5,5,4,3,5,5,98,22,1,26.247,26.247,27.72,1,1,1,0,0,56.067,0,1,7,8,99,9.811,19.3,27.403,2,-1
Default Response Set,Anonymous,,,0,07/10/2014 21:37,07/10/2014 21:44,1,1,1,0,1256072151,vqSM6F_2vdi5_VrFs9g0vA**,74206,1,,1,448,1.88788E+13,1,1,1,1,1,1,1,1,1,1,4.912,15.213,18.012,3,1,1,1,1,1,1,1,1,1,1,1,1,1,1,0,0,51.124,0,3,85,5,5,1,1,1,5,28,26,1,12.606,19.926,21.805,3,1,1,31.013,31.013,31.667,1,1,4,4,28,19.332,43.72,44.918,4,-1
Default Response Set,Anonymous,,,0,07/10/2014 22:13,07/10/2014 22:15,1,0,0,0,1258836491,vqSM6F_2vdjLdC3nNp2KtA**,74206,1,,0,164,1.89203E+13,1,1,1,1,1,1,1,1,1,1,4.286,9.678,11.084,3,1,2,1,1,1,1,1,1,1,1,1,1,1,1,0,0,17.054,0,2,10,2,4,3,2,1,2,8,31,2,10.773,14.677,15.491,3,1,1,0,0,9.319,0,1,6,7,97,5.906,16.674,17.848,4,-1
Default Response Set,Anonymous,,,0,07/10/2014 22:13,07/10/2014 22:18,1,1,1,0,1079930933,vqSM6F_2vdilJPWiENaVtQ**,74206,1,,1,327,1.62314E+13,1,1,1,1,1,1,1,1,1,1,6.282,14.594,17.016,3,1,1,1,1,1,1,1,1,1,1,1,1,1,1,0,0,47.75,0,4,60,2,4,3,4,4,4,40,62,2,13.14,28.843,31.546,8,1,1,0,0,34.75,0,1,6,5,78,4.687,15.937,17.015,3,-1
Default Response Set,Anonymous,,,0,07/10/2014 22:13,07/10/2014 22:18,1,1,1,0,1254220100,vqSM6F_2vdhDB0nAWTA2hA**,74206,1,,1,342,1.88509E+13,1,1,1,1,1,1,1,1,1,1,5.426,19.219,22.224,3,1,2,2,1,1,1,1,1,1,1,1,1,1,1,0,0,36.741,0,3,49,3,3,2,3,4,4,33,64,2,5.838,14.239,15.988,3,1,1,0,0,12.162,0,1,6,7,92,6.428,17.989,20.602,3,-1
Default Response Set,Anonymous,,,0,07/10/2014 22:13,07/10/2014 22:23,1,0,0,0,1226916094,vqSM6F_2vdi-fO51W_FMxw**,74206,1,,0,607,1.84405E+13,1,1,1,1,1,1,1,1,1,1,8.325,12.101,17.059,3,1,2,1,1,1,1,1,1,1,1,1,1,1,1,0,0,58.041,0,4,81,1,2,4,4,4,1,28,48,2,17.463,24.958,26.453,5,1,1,0,0,92.905,0,1,7,7,71,7.725,15.597,16.559,3,-1
Default Response Set,Anonymous,,,0,07/10/2014 22:13,07/10/2014 22:29,1,0,0,0,1262147509,vqSM6F_2vdgYTbZFqFxcJg**,74206,1,,0,966,1.89701E+13,1,1,1,1,1,1,1,1,1,1,6.496,22.839,26.536,3,1,2,1,1,1,1,1,1,1,1,1,1,1,1,11.015,14.815,16.971,4,3,44,3,4,3,4,2,2,3,39,2,27.117,27.117,28.923,1,1,1,0,0,12.399,0,1,5,7,20,90.471,113.905,115.008,4,-1
Default Response Set,Anonymous,,,0,07/10/2014 22:13,07/10/2014 22:42,1,0,0,0,1132172961,vqSM6F_2vdgssK-Qebsv7Q**,74206,1,,0,1761,1.70166E+13,1,1,1,1,1,1,1,1,1,1,15.676,65.098,69.161,3,1,2,1,1,1,1,1,1,1,1,1,1,1,1,0,0,338.669,0,3,82,3,2,4,4,4,1,95,58,2,59.195,156.364,157.962,5,1,1,0,0,346.557,0,1,8,8,97,6.13,32.321,34.133,5,-1
Default Response Set,Anonymous,,,0,07/10/2014 23:25,07/10/2014 23:46,1,0,0,0,1254295900,vqSM6F_2vdiPsAI1bOLQpA**,74206,1,,0,1278,1.88521E+13,1,1,1,1,1,1,1,1,1,1,8.008,26.518,34.055,4,1,2,1,1,1,1,1,1,1,1,1,1,1,1,0,0,258.324,0,4,61,4,4,2,2,2,4,41,69,1,15.864,26.84,28.925,3,1,1,0,0,309.205,0,1,6,6,53,11.072,30.095,31.826,3,-1
Default Response Set,Anonymous,,,0,07/10/2014 23:49,07/10/2014 23:52,1,1,1,0,1255450770,vqSM6F_2vdgUnrtonh0g2A**,74206,1,,1,177,1.88694E+13,1,1,1,1,1,1,1,1,1,1,2.333,4.132,5.957,3,1,1,1,1,1,1,1,1,1,1,1,1,1,1,0,0,8.282,0,4,100,4,5,5,5,5,5,100,99,1,1.225,4.729,6.42,3,1,1,0,0,61.495,0,1,8,7,100,1.261,4.541,5.244,4,-1
Default Response Set,Anonymous,,,0,07/10/2014 23:49,07/10/2014 23:56,1,1,1,0,1132189606,vqSM6F_2vdhg-eg1QD-GWA**,74206,1,,1,431,1.70168E+13,1,1,1,1,1,1,1,1,1,1,6.6,19.18,24.246,3,1,1,1,1,1,1,1,1,1,1,1,1,1,1,0,0,20.012,0,2,51,3,4,3,3,4,4,50,51,1,9.71,20.575,22.671,4,1,1,0,0,35.703,0,1,7,7,91,12.487,21.174,23.474,3,-1
Default Response Set,Anonymous,,,0,08/10/2014 00:14,08/10/2014 00:17,1,0,0,0,1254216429,vqSM6F_2vdhRTpYdd5Crow**,74206,1,,0,154,1.88509E+13,1,1,1,1,1,1,1,1,1,1,3.503,9.324,12.039,3,1,2,1,1,1,1,1,1,1,1,1,1,1,1,0,0,19.12,0,4,33,4,4,2,4,4,1,39,38,1,4.425,10.978,12.08,6,1,1,0,0,26.562,0,1,7,7,97,3.74,16.71,5.611,8,-1
Default Response Set,Anonymous,,,0,08/10/2014 00:37,08/10/2014 01:01,1,0,0,0,1261680180,vqSM6F_2vdiNwSq3PXRCVg**,74206,1,,0,1457,1.89631E+13,1,1,1,1,1,1,1,1,1,1,11.443,23.933,27.499,4,1,2,1,1,1,1,1,1,1,1,1,1,1,1,0,0,428.393,0,2,90,5,5,1,2,2,4,,29,2,1.626,1.626,9.849,1,1,1,0,0,412.595,0,1,6,7,99,17.622,27.983,38.921,4,-1
Default Response Set,Anonymous,,,0,08/10/2014 00:14,08/10/2014 01:04,1,0,0,0,1079195090,vqSM6F_2vdhPFmdJdAcvHg**,74206,1,,0,3004,1.62203E+13,1,1,1,1,1,1,1,1,1,1,15.589,116.893,119.631,3,1,2,1,1,1,1,1,1,1,1,1,1,1,1,409.929,498.113,499.596,4,3,70,5,5,2,2,1,4,32,71,1,104.826,130.425,133.13,4,1,1,79.964,141.914,143.468,3,1,4,7,60,16.657,39.553,45.347,4,-1
Default Response Set,Anonymous,,,0,08/10/2014 01:13,08/10/2014 01:15,1,1,1,0,1257367927,vqSM6F_2vdgmHrYOy7Ufyw**,74206,1,,1,144,1.88982E+13,1,1,1,1,1,1,1,1,1,1,6.543,10.574,13.197,4,1,1,1,1,1,1,1,1,1,1,1,1,1,1,0,0,9.764,0,3,61,3,3,4,5,3,1,82,20,2,6.957,16.1,17.71,6,1,1,0,0,5.883,0,1,6,7,88,6.902,17.336,17.725,5,-1
Default Response Set,Anonymous,,,0,08/10/2014 01:13,08/10/2014 01:18,1,1,1,0,1097656334,vqSM6F_2vdgfTc0r1sXJFw**,74206,1,,1,298,1.64978E+13,1,1,1,1,1,1,1,1,1,1,4.761,20.451,23.064,3,1,1,1,1,1,1,1,1,1,1,1,1,1,1,0,0,28.469,0,3,40,3,4,4,4,4,3,41,66,1,4.321,18.78,21.005,7,1,1,0,0,26.273,0,1,7,6,96,5.869,20.619,23.2,5,-1
Default Response Set,Anonymous,,,0,08/10/2014 01:13,08/10/2014 01:20,1,1,1,0,1254724436,vqSM6F_2vdhvk6lIRIAWMw**,74206,1,,1,411,1.88585E+13,1,1,1,1,1,1,1,1,1,1,9.66,16.491,21.294,3,1,2,2,1,1,1,1,1,1,1,1,1,1,1,68.499,68.499,71.629,1,3,71,4,3,3,3,3,2,51,22,2,9.69,14.707,15.693,3,1,1,0,0,35.784,0,1,7,7,97,8.356,17.922,18.741,3,-1
Default Response Set,Anonymous,,,0,08/10/2014 01:13,08/10/2014 01:25,1,0,0,0,1079313559,vqSM6F_2vdigKeOQ8jBXmw**,74206,1,,0,762,1.62221E+13,1,1,1,1,1,1,1,1,1,1,11.149,26.988,29.251,3,1,2,1,1,1,1,1,1,1,1,1,1,1,1,0,0,184.768,0,3,10,2,2,4,4,4,1,62,40,1,14.53,20.851,21.681,3,1,1,0,0,240.843,0,1,7,8,97,5.766,17.974,19.029,3,-1
Default Response Set,Anonymous,,,0,08/10/2014 01:13,08/10/2014 01:37,1,1,1,0,1259357705,vqSM6F_2vdjavdFXK7mLlQ**,74206,1,,1,1463,1.89281E+13,1,1,1,1,1,1,1,1,1,1,5.831,32.409,38.315,3,1,2,2,1,1,1,1,1,1,1,1,1,1,1,0,0,423.084,0,4,79,3,4,2,2,2,4,28,32,2,39.295,39.295,41.557,1,1,1,0,0,300.848,0,1,7,7,67,14.69,22.45,44.824,2,-1
Default Response Set,Anonymous,,,0,08/10/2014 01:13,08/10/2014 01:41,1,0,0,0,1131924246,vqSM6F_2vdhnurAAf683tw**,74206,1,,0,1689,1.70128E+13,1,1,1,1,1,1,1,1,1,1,9.982,22.19,26.229,3,2,2,1,1,1,1,1,1,1,1,1,1,1,1,0,0,84.224,0,4,49,4,5,1,1,1,5,70,64,1,49.766,49.766,51.612,1,1,1,0,0,299.931,0,1,7,5,97,17.483,28.056,51.175,2,-1
Default Response Set,Anonymous,,,0,08/10/2014 01:13,08/10/2014 01:54,1,1,1,0,1215198820,vqSM6F_2vdiyXsjCV_rdhw**,74206,1,,1,2483,1.82644E+13,1,1,1,1,1,1,1,1,1,1,9.002,35.195,52.238,3,1,2,2,1,1,1,1,1,1,1,1,1,1,1,20.3,20.3,321.682,1,4,85,4,4,1,1,1,4,31,66,1,16.638,46.247,53.069,8,1,1,5.458,5.458,311.728,1,1,5,4,31,19.576,55.498,60.757,5,-1
Default Response Set,Anonymous,,,0,08/10/2014 03:01,08/10/2014 03:03,1,0,0,0,1219855468,vqSM6F_2vdjvEF9QQNiojg**,74206,1,,0,133,1.83344E+13,1,1,1,1,1,1,1,1,1,1,6.15,11.814,12.8,3,2,2,1,1,1,1,1,1,1,1,1,1,1,1,0,0,8.84,0,4,52,3,2,4,4,4,2,71,33,2,5.478,10.014,10.995,3,1,1,0,0,9.661,0,1,7,8,97,6.815,16.058,16.886,3,-1
Default Response Set,Anonymous,,,0,08/10/2014 03:01,08/10/2014 03:08,1,0,0,0,1258040900,vqSM6F_2vdhpOWbjj-MiOw**,74206,1,,0,447,1.89084E+13,1,1,1,1,1,1,1,1,1,1,5.275,13.858,15.136,3,2,2,1,1,1,1,1,1,1,1,1,1,1,1,59.279,59.279,77.902,1,2,70,4,2,4,5,4,4,81,29,2,20.81,24.454,26.209,4,1,1,0,0,78.479,0,1,5,8,90,6.878,23.914,26.515,3,-1
Default Response Set,Anonymous,,,0,08/10/2014 03:01,08/10/2014 03:10,1,0,0,0,1231142881,vqSM6F_2vdiRm4XWdQRQNw**,74206,1,,0,531,1.85041E+13,1,1,1,1,1,1,1,1,1,1,5.389,13.548,15.935,3,1,2,1,1,1,1,1,1,1,1,1,1,1,1,0,0,97.577,0,4,69,4,4,4,2,2,4,31,65,2,12.651,19.946,21.14,3,1,1,0,0,92.655,0,1,7,8,86,6.075,16.73,18.045,3,-1
Default Response Set,Anonymous,,,0,08/10/2014 03:01,08/10/2014 03:14,1,0,0,0,1261853860,vqSM6F_2vdhsvayJZgba-A**,74206,1,,0,801,1.89657E+13,1,1,1,1,1,1,1,1,1,1,6.677,14.29,16.801,3,2,2,1,1,1,1,1,1,1,1,1,1,1,1,102.743,102.743,173.443,1,4,95,5,5,2,2,2,2,6,30,2,9.251,26.489,27.472,5,1,1,0,0,265.657,0,1,8,8,95,6.162,19.407,20.171,4,-1
Default Response Set,Anonymous,,,0,08/10/2014 03:01,08/10/2014 03:28,1,1,1,0,1262238762,vqSM6F_2vdg1p--jeCCVrQ**,74206,1,,1,1613,1.89714E+13,1,1,1,1,1,1,1,1,1,1,40.5,72.63,76.123,5,1,1,1,1,1,1,1,1,1,1,1,1,1,1,0,0,314.918,0,2,62,3,3,2,4,4,2,94,41,2,30.608,34.116,4.561,2,1,1,5.879,5.879,487.749,1,1,5,8,82,11.128,22.818,45.227,4,-1
Default Response Set,Anonymous,,,0,08/10/2014 04:01,08/10/2014 04:17,1,1,1,0,1132160585,vqSM6F_2vdjSo-rjdyoJGw**,74206,1,,1,990,1.70164E+13,1,1,1,1,1,1,1,1,1,1,8.025,27.232,40.11,3,2,1,1,1,1,1,1,1,1,1,1,1,1,1,0,0,154.971,0,3,52,3,4,4,4,3,3,42,42,1,7.43,17.918,61.053,4,1,1,0,0,156.663,0,1,7,6,51,57.888,79.423,103.061,3,-1
Default Response Set,Anonymous,,,0,08/10/2014 04:13,08/10/2014 04:23,1,0,0,0,1079221999,vqSM6F_2vdiejpxquBswQQ**,74206,1,,0,638,1.62207E+13,1,1,1,1,1,1,1,1,1,1,8.294,22.982,25.352,3,1,2,1,1,1,1,1,1,1,1,1,1,1,1,0,0,90.306,0,4,43,4,4,2,2,2,4,25,61,1,16.969,23.185,24.443,3,1,1,0,0,106.75,0,1,7,8,95,17.383,32.031,35.145,3,-1
Default Response Set,Anonymous,,,0,08/10/2014 04:46,08/10/2014 04:51,1,1,1,0,1247082502,vqSM6F_2vdiR9fAsNo8Ztg**,74206,1,,1,341,1.87436E+13,1,1,1,1,1,1,1,1,1,1,8.034,27.886,29.839,4,1,1,1,1,1,1,1,1,1,1,1,1,1,1,0,0,22.779,0,2,54,4,4,3,4,3,2,58,32,1,7.628,14.829,16.671,3,1,1,5.114,5.114,85.331,1,1,5,8,96,8.69,19.618,20.753,3,-1
Default Response Set,Anonymous,,,0,08/10/2014 04:46,08/10/2014 05:00,1,1,1,0,1135498449,vqSM6F_2vdjZU7mrNM5y5A**,74206,1,,1,856,1.70665E+13,1,1,1,1,1,1,1,1,1,1,5.493,19.548,21.408,3,1,2,2,1,1,1,1,1,1,1,1,1,1,1,0,0,200.294,0,4,50,2,2,3,4,4,1,80,70,1,13.463,31.556,34.24,9,1,1,0,0,215.485,0,1,7,7,95,8.705,24.881,27.178,4,-1
Default Response Set,Anonymous,,,0,08/10/2014 05:01,08/10/2014 05:12,1,1,1,0,1251092504,vqSM6F_2vdjnPCQix5zfOA**,74206,1,,1,687,1.88039E+13,1,1,1,1,1,1,1,1,1,1,8.199,26.06,28.942,4,1,1,1,1,1,1,1,1,1,1,1,1,1,1,9.787,9.787,182.241,1,3,31,3,4,3,3,3,3,61,29,2,17.603,25.756,27.092,4,1,1,0,0,102.086,0,1,6,6,75,4.515,16.655,17.81,3,-1
Default Response Set,Anonymous,,,0,08/10/2014 05:01,08/10/2014 05:13,1,0,0,0,1218167966,vqSM6F_2vdhwan6JaDMh7Q**,74206,1,,0,745,1.83091E+13,1,1,1,1,1,1,1,1,1,1,5.207,16.746,19.168,3,1,2,1,1,1,1,1,1,1,1,1,1,1,1,0,0,150.19,0,1,60,2,5,1,1,1,5,56,43,2,16.791,29.965,31.757,3,1,1,0,0,153.597,0,1,7,8,95,9.28,43.009,44.908,7,-1
Default Response Set,Anonymous,,,0,08/10/2014 05:01,08/10/2014 05:15,1,0,0,0,1261196190,vqSM6F_2vdidStxc9_zVKQ**,74206,1,,0,834,1.89558E+13,1,1,1,1,1,1,1,1,1,1,4.48,15.812,22.131,5,2,2,1,1,1,1,1,1,1,1,1,1,1,1,0,0,287.518,0,4,38,1,1,4,5,4,1,84,33,2,18.317,27.064,28.969,2,1,1,0,0,169.886,0,1,8,8,97,9.266,15.369,23.714,3,-1
Default Response Set,Anonymous,,,0,08/10/2014 06:01,08/10/2014 06:02,1,1,1,0,1225726135,vqSM6F_2vdg54N3_Wbpa-A**,74206,1,,1,75,1.84227E+13,1,1,1,1,1,1,1,1,1,1,2.089,4.119,6.816,3,1,1,1,1,1,1,1,1,1,1,1,1,1,1,0,0,4.146,0,5,100,5,5,5,5,5,5,100,99,1,1.967,6.112,7.737,3,1,1,0,0,4.051,0,1,8,8,100,1.975,4.761,5.893,3,-1
Default Response Set,Anonymous,,,0,08/10/2014 06:37,08/10/2014 07:06,1,0,0,0,1223790150,vqSM6F_2vdhy2xiAYYZiKg**,74206,1,,0,1775,1.83936E+13,1,1,1,1,1,1,1,1,1,1,7.777,17.023,20.828,3,1,2,1,1,1,1,1,1,1,1,1,1,1,1,47.375,47.375,130.773,1,3,85,1,1,4,5,5,1,90,28,1,28.482,28.482,30.112,1,1,1,123.097,123.097,952.378,1,1,8,8,97,7.994,23.315,37.688,2,-1
Default Response Set,Anonymous,,,0,08/10/2014 07:13,08/10/2014 07:16,1,1,1,0,1085039504,vqSM6F_2vdgkxn2a1dIwCg**,74206,1,,1,186,1.63081E+13,1,1,1,1,1,1,1,1,1,1,6.107,9.89,11.221,3,2,1,1,1,1,1,1,1,1,1,1,1,1,1,32.883,32.883,33.317,1,3,65,3,3,3,3,3,3,77,51,1,4.084,11.947,13.918,4,1,1,0,0,51.018,0,1,7,8,98,4.253,16.004,16.703,4,-1
Default Response Set,Anonymous,,,0,08/10/2014 00:37,08/10/2014 13:07,1,1,1,0,1261266820,vqSM6F_2vdjIMfMbMF68aw**,74206,1,,1,45006,1.89568E+13,1,1,1,1,1,1,1,1,1,1,46.863,58.747,60.082,4,1,1,1,1,1,1,1,1,1,1,1,1,1,1,7.17,8.57,9.276,2,3,57,4,4,2,4,3,2,26,27,2,25.284,26.756,28.47,3,1,1,15.306,18.231,21.094,2,1,7,5,98,7.416,16.58,33.554,3,-1
