V2,V3,V4,V5,V7,V8,V9,V10,SC0_0,SC0_1,SC0_2,PID,psid,K2,gc,term,AFQScore,Q_TotalDuration,med,Q1.1,Q1.2,Q1.3,Q1.4,Q1.5,Q1.6,Q1.7,Q1.8,Q2.1_1,Q2.1_2,Q2.1_3,Q2.1_4,Q2.2,Q2.3,Q2.4,Q2.5,Q3.1,Q3.2,Q3.3,Q3.4,Q3.5,Q3.6,Q3.7,Q3.8,Q3.9,Q3.10,Q3.11_1,Q3.11_2,Q3.11_3,Q3.11_4,Q3.12,Q3.13_1,Q3.14,Q3.15,Q3.16,Q3.17,Q3.18,Q3.19,Q3.20_1,Q3.21_1,Q3.22,Q3.23_1,Q3.23_2,Q3.23_3,Q3.23_4,LocationAccuracy
ResponseSet,Name,ExternalDataReference,EmailAddress,Status,StartDate,EndDate,Finished,Score-sum,Score-weightedAvg,Score-weightedStdDev,PID,psid,K2,gc,term,AFQScore,Q_TotalDuration,med,Understanding /  Blogs /  /    /  /  This study explores your memory for the material you are about to /  read. The study also queries your beliefs about the topic /  discussed and your attitudes towards the mat...,"Please read the / following blog post carefully, you will be asked some questions / about it at the e...",  /  /  How we know we're causing global /  warming in a single graphic / Posted on 27 July 2014 by / Clima...,E post,Humans are raising CO2 / levels / The first point to establish is that humans are causing the rise in / atmospheric CO2 levels. This fact is common sense. The amount of / CO2 in the atmosphere is going up...,"The extra CO2 is trapping / heat / If carbon dioxide is trapping more heat, we should see less heat / escaping to space. Satellites measuring infrared radiation coming / from Earth find less heat escaping...","Global warming has a distinct / greenhouse signature / In 1859, Tyndall predicted that greenhouse warming should cause / nights to warm faster than days. This is because at night, the / Earth's surface coo...",If it walks like a duck and /  quacks like a duck... /  /  Current global warming shows all the distinc...,Timing-First Click,Timing-Last Click,Timing-Page Submit,Timing-Click Count,The blog post you just read suggested that the climate has been / changing due to changes in the oc...,The blog post you just read suggested that Bono (U2 singer) should / have no business in politics.,The blog post you just read stated that atmospheric CO2 levels have / risen 40% since pre-industria...,"Once you have answered the /  questions, click below to read comments on the blogpost","Comments / LM / Yes - climate change is happening and we are causing it. It isn't / rocket science.  How do we know that climate change is happening? / Apart from the satellite data, these observations can...","Gunpowder / I do know that we have used up many sources of coal, oil and gas. I / also know that we keep adding area to our roads and cities. This / reduces the area capable of absorbing CO2. It adds CO2...",steveo / Skeptics often think the theory of Global Warming is like a house / of cards - pull one card out and it all falls down. Actually it is / more like a jigsaw puzzle. Lots of pieces that all fit to...,"Tambourine / A picture says more than a thousand words, doesn't it? Thanks for / the neat graphic. It highlights some of the important fingerprints / showing that, yes; humans are causing global warming....","Grand Poobah / That is a great graphic, showing all the 'fingerprints' of man-made / global warming. A key 'fingerprint' is the cooling upper / atmosphere, as the Earth's lower atmosphere and surface war...","barberella / There’s one other indicator of humans increasing CO2 as opposed to / the oceans being a source. Oceans are getting more acid at the / surface, and at lesser rates as you go down. If the ocea...",cyborg / The ocean getting more acidic is a strong sign that humans are / raising CO2 levels. But it's also a grave concern as it’s causing / damage to coral reefs. These are some of the most diverse / eco...,g-whizz / Good points about the oceans getting more acidic. The impacts / aren't just restricted to coral reefs. There is a range of small / creatures throughout the open ocean. They will also be badly / a...,"Tambourine / The past tells us much about what our future holds in store for us. / In the past, when the Earth was warmer than it is now, sea levels / were metres higher than current levels. Just on the...","deeb / 1. Increasing the level of a greenhouse gas in a planet’s / atmosphere, all else being equal, will raise that planet’s surface / temperature. / 2. CO2 is a greenhouse gas. / 3. CO2 is rising. / 4. There...",Timing-First Click,Timing-Last Click,Timing-Page Submit,Timing-Click Count,My opinion about a blogpost is completely unaffected by the / comments made on the article by others.How much do you agree with the above statement?,"Out of every 100 readers of this post, how many do you think /  support the basic argument made in this blog post?-Please use the slider to indicate how many","Overall, I support the basic argument made in this blog post.How much do you agree with the above statement?",I believe that the climate is always changing and what we are / currently observing is just natural fluctuation.How much do you agree with the above statement?,I believe that most of the warming over the last 50 years is due to / the increase in greenhouse gas concentrations.How much do you agree with the above statement?,I believe that the burning of fossil fuels over the last 50 years /  has caused serious damage to the planet’s climate.How much do you agree with the above statement?,Human CO2 emissions cause climate change.How much do you agree with the above statement?,Humans are too insignificant to have an appreciable impact on / global temperature.How much do you agree with the above statement?,"On a scale from 0% to 100%, in your opinion, how many climate / scientists agree that human activit...-How many climate scientists agree?", What is your age?-Please use the slider to indicate your age,What is your gender?,Timing-First Click,Timing-Last Click,Timing-Page Submit,Timing-Click Count,LocationAccuracy
Default Response Set,Anonymous,,,0,03/10/2014 08:51,03/10/2014 08:52,1,1,1,0,1200016901,vqSM6F_2vdggPDvIkcsV2g**,74206,1,,1,98,1.80363E+13,1,1,1,1,1,1,1,1,3.711,8.303,9.537,3,2,1,1,1,1,1,1,1,1,1,1,1,1,1,0,0,23.718,0,3,49,3,3,3,3,3,2,40,32,2,1.457,17.677,18.592,7,-1
Default Response Set,Anonymous,,,0,03/10/2014 08:51,03/10/2014 08:54,1,1,1,0,1131965226,vqSM6F_2vdh1h2J3k16n9A**,74206,1,,1,162,1.70134E+13,1,1,1,1,1,1,1,1,5.408,13.076,14.071,6,1,2,1,1,1,1,1,1,1,1,1,1,1,1,0,0,26.83,0,5,92,4,1,5,4,4,3,92,45,2,5.024,17.089,18.09,20,-1
Default Response Set,Anonymous,,,0,03/10/2014 08:50,03/10/2014 08:55,1,1,1,0,1259949427,vqSM6F_2vdjVLy4r228mKg**,74206,1,,1,271,1.8937E+13,1,1,1,1,1,1,1,1,5.359,57.381,64.824,7,1,2,1,1,1,1,1,1,1,1,1,1,1,1,0,0,7.283,0,4,40,4,4,4,4,4,3,40,56,1,3.001,11.951,13.269,4,-1
Default Response Set,Anonymous,,,0,03/10/2014 08:51,03/10/2014 08:55,1,0,0,0,1236991522,vqSM6F_2vdhisBtgHHjQGQ**,74206,1,,0,283,1.8592E+13,1,1,1,1,1,1,1,1,5.073,22.203,24.214,3,2,2,1,1,1,1,1,1,1,1,1,1,1,1,0,0,21.593,0,3,71,4,3,4,4,3,1,100,33,2,7.112,13.517,14.795,3,-1
Default Response Set,Anonymous,,,0,03/10/2014 08:53,03/10/2014 08:56,1,1,1,0,1247207769,vqSM6F_2vdizExpnwG6l-A**,74206,1,,1,177,1.87455E+13,1,1,1,1,1,1,1,1,5.66,12.104,14.36,3,1,2,1,1,1,1,1,1,1,1,1,1,1,1,1.866,1.866,8.799,1,1,79,2,1,3,4,4,4,83,29,2,4.223,16.88,19.217,5,-1
Default Response Set,Anonymous,,,0,03/10/2014 08:53,03/10/2014 09:01,1,0,0,0,1241417324,vqSM6F_2vdiqkAIFkKiZoA**,74206,1,,0,487,1.86585E+13,1,1,1,1,1,1,1,1,11.049,24.272,29.446,3,2,2,1,1,1,1,1,1,1,1,1,1,1,1,0,0,26.824,0,5,100,5,1,1,5,1,1,100,22,2,52.337,52.337,63.496,1,-1
Default Response Set,Anonymous,,,0,03/10/2014 08:51,03/10/2014 09:02,1,0,0,0,1132194027,vqSM6F_2vdiDeRTIbXxSbA**,74206,1,,0,656,1.70169E+13,1,1,1,1,1,1,1,1,6.058,15.762,18.356,3,2,2,1,1,1,1,1,1,1,1,1,1,1,1,0,0,236.461,0,4,95,5,1,5,5,5,1,100,38,2,8.184,20.123,20.978,5,-1
Default Response Set,Anonymous,,,0,03/10/2014 08:48,03/10/2014 09:02,1,0,0,0,1170836516,vqSM6F_2vdiHqDi8jxppkQ**,74206,1,,0,846,1.75977E+13,1,1,1,1,1,1,1,1,7.587,21.612,24.039,3,2,2,1,1,1,1,1,1,1,1,1,1,1,1,0,0,456.182,0,1,100,5,1,5,4,5,1,100,64,2,23.431,25.999,26.844,2,-1
Default Response Set,Anonymous,,,0,03/10/2014 08:51,03/10/2014 09:04,1,0,0,0,1251780482,vqSM6F_2vdgU_V_Bdm_B1w**,74206,1,,0,767,1.88143E+13,1,1,1,1,1,1,1,1,11.547,26.747,30.111,3,2,2,1,1,1,1,1,1,1,1,1,1,1,1,0,0,250.995,0,4,84,4,2,4,5,4,2,91,32,2,35.528,44.167,49.016,2,-1
Default Response Set,Anonymous,,,0,03/10/2014 08:53,03/10/2014 09:11,1,0,0,0,1258975209,vqSM6F_2vdjqZF7NBCvAjg**,74206,1,,0,1062,1.89224E+13,1,1,1,1,1,1,1,1,10.227,32.547,40.176,3,2,2,1,1,1,1,1,1,1,1,1,1,1,1,0,0,303.676,0,4,75,3,4,3,3,3,4,50,76,2,15.007,30.391,31.437,3,-1
Default Response Set,Anonymous,,,0,03/10/2014 08:53,03/10/2014 09:14,1,0,0,0,1215324134,vqSM6F_2vdjaSw5aaryJWA**,74206,1,,0,1272,1.82663E+13,1,1,1,1,1,1,1,1,5.091,28.876,31.614,3,2,2,1,1,1,1,1,1,1,1,1,1,1,1,0,0,595.445,0,3,100,4,2,4,4,4,2,84,58,2,9.923,23.931,25.795,6,-1
Default Response Set,Anonymous,,,0,07/10/2014 09:12,07/10/2014 09:18,1,0,0,0,1258771233,vqSM6F_2vdiTJLvnaAz80Q**,74206,1,,0,331,1.89193E+13,1,1,1,1,1,1,1,1,6.849,13.626,15.536,3,2,2,1,1,1,1,1,1,1,1,1,1,1,1,0,0,97.62,0,2,92,5,1,4,5,5,3,21,30,2,16.789,28.673,30.037,4,-1
Default Response Set,Anonymous,,,0,07/10/2014 09:33,07/10/2014 09:34,1,1,1,0,1207612364,vqSM6F_2vdh8qQpr7eNwEQ**,74206,1,,1,86,1.81504E+13,1,1,1,1,1,1,1,1,6.166,8.715,12.937,3,1,2,1,1,1,1,1,1,1,1,1,1,1,1,0,0,3.551,0,1,56,2,2,2,2,1,4,63,77,1,1.771,8.319,4.787,5,-1
Default Response Set,Anonymous,,,0,07/10/2014 09:33,07/10/2014 09:37,1,1,1,0,1251787130,vqSM6F_2vdimH5ZOM21I1w**,74206,1,,1,277,1.88144E+13,1,1,1,1,1,1,1,1,7.048,23.21,24.551,3,1,2,1,1,1,1,1,1,1,1,1,1,1,1,0,0,8.637,0,3,64,2,4,2,2,4,4,76,40,1,20.539,20.539,21.275,1,-1
Default Response Set,Anonymous,,,0,07/10/2014 09:33,07/10/2014 09:50,1,0,0,0,1251260296,vqSM6F_2vdh-lrMCnOjciA**,74206,1,,0,1026,1.88064E+13,1,1,1,1,1,1,1,1,5.475,17.65,22.879,3,2,2,1,1,1,1,1,1,1,1,1,1,1,1,0,0,381.866,0,2,93,4,2,4,5,5,1,87,28,1,27.949,27.949,30.668,1,-1
Default Response Set,Anonymous,,,0,07/10/2014 10:33,07/10/2014 10:44,1,0,0,0,1260185597,vqSM6F_2vdjIj9GookD9MA**,74206,1,,0,710,1.89406E+13,1,1,1,1,1,1,1,1,8.456,34.972,36.579,5,2,2,1,1,1,1,1,1,1,1,1,1,1,1,0,0,71.597,0,3,53,4,1,2,2,1,2,63,24,2,22.15,22.15,22.734,1,-1
Default Response Set,Anonymous,,,0,07/10/2014 10:33,07/10/2014 10:48,1,1,1,0,1262159252,vqSM6F_2vdgQ6MTSinbBBA**,74206,1,,1,937,1.89703E+13,1,1,1,1,1,1,1,1,12.888,41.894,9.096,6,2,1,1,1,1,1,1,1,1,1,1,1,1,1,0,0,360.307,0,4,61,3,2,4,4,3,2,26,21,2,32.916,32.916,35.166,1,-1
Default Response Set,Anonymous,,,0,07/10/2014 11:33,07/10/2014 11:44,1,0,0,0,1241605710,vqSM6F_2vdhU9KiMjaCKKQ**,74206,1,,0,700,1.86613E+13,1,1,1,1,1,1,1,1,6.208,15.995,21.977,3,2,2,1,1,1,1,1,1,1,1,1,1,1,1,0,0,240.313,0,4,70,3,4,3,2,3,3,50,74,1,9,20.337,22.665,3,-1
Default Response Set,Anonymous,,,0,07/10/2014 12:33,07/10/2014 12:39,1,0,0,0,1254248111,vqSM6F_2vdhOxNLdrqWOiA**,74206,1,,0,368,1.88513E+13,1,1,1,1,1,1,1,1,6.998,17.934,20.899,3,2,2,1,1,1,1,1,1,1,1,1,1,1,1,0,0,100.415,0,1,73,4,1,2,5,2,4,87,44,2,10.771,23.603,24.783,3,-1
Default Response Set,Anonymous,,,0,07/10/2014 12:53,07/10/2014 13:00,1,0,0,0,1251718573,vqSM6F_2vdh6-7iwWA5ybQ**,74206,1,,0,406,1.88133E+13,1,1,1,1,1,1,1,1,3.986,9.982,11.886,3,2,2,1,1,1,1,1,1,1,1,1,1,1,1,0,0,30.745,0,3,46,2,3,4,3,5,2,30,19,2,25.956,25.956,26.876,1,-1
Default Response Set,Anonymous,,,0,07/10/2014 13:33,07/10/2014 13:35,1,1,1,0,1262175065,vqSM6F_2vdid8Ue5oN0nmA**,74206,1,,1,167,1.89705E+13,1,1,1,1,1,1,1,1,4.673,16.528,21.752,3,1,2,1,1,1,1,1,1,1,1,1,1,1,1,0,0,33.637,0,3,40,4,4,4,3,2,4,84,25,1,7.618,15.056,16.081,4,-1
Default Response Set,Anonymous,,,0,07/10/2014 13:33,07/10/2014 13:36,1,1,1,0,1260826603,vqSM6F_2vdipW7F6V-cj4w**,74206,1,,1,198,1.89502E+13,1,1,1,1,1,1,1,1,5.115,16.195,19.005,4,1,2,1,1,1,1,1,1,1,1,1,1,1,1,0,0,25.284,0,3,83,4,4,4,4,3,2,87,23,1,26.981,26.981,29.08,1,-1
Default Response Set,Anonymous,,,0,07/10/2014 13:33,07/10/2014 13:48,1,0,0,0,1079267820,vqSM6F_2vdiICzDdKI3h1Q**,74206,1,,0,906,1.62214E+13,1,1,1,1,1,1,1,1,14.716,33.407,37.315,3,2,2,1,1,1,1,1,1,1,1,1,1,1,1,0,0,159.187,0,4,20,2,4,3,2,2,4,10,74,1,19.665,43.486,45.457,6,-1
Default Response Set,Anonymous,,,0,07/10/2014 13:33,07/10/2014 13:49,1,0,0,0,1261970674,vqSM6F_2vdgrysUrUVhZ-w**,74206,1,,0,963,1.89674E+13,1,1,1,1,1,1,1,1,6.276,14.534,18.133,3,2,2,1,1,1,1,1,1,1,1,1,1,1,1,0,0,347.37,0,5,76,3,3,3,4,3,3,85,48,1,9.469,15.867,17.099,3,-1
Default Response Set,Anonymous,,,0,07/10/2014 16:13,07/10/2014 16:19,1,0,0,0,1262045440,vqSM6F_2vdhUzo0s_a2KZQ**,74206,1,,0,342,1.89685E+13,1,1,1,1,1,1,1,1,4.329,14.373,16.194,3,2,2,1,1,1,1,1,1,1,1,1,1,1,1,0,0,17.436,0,3,68,4,2,3,4,4,2,79,32,2,32.996,32.996,34.013,1,-1
Default Response Set,Anonymous,,,0,07/10/2014 17:33,07/10/2014 17:41,1,1,1,0,1262198529,vqSM6F_2vdhDWLU0iJQMmA**,74206,1,,1,506,1.89708E+13,1,1,1,1,1,1,1,1,11.127,32.381,35.687,3,2,1,1,1,1,1,1,1,1,1,1,1,1,1,0,0,142.327,0,2,74,4,2,2,4,4,2,59,33,2,9.85,37.72,50.725,2,-1
Default Response Set,Anonymous,,,0,07/10/2014 17:33,07/10/2014 17:48,1,0,0,0,1249261894,vqSM6F_2vdgFX_6dzKfuZg**,74206,1,,0,915,1.87764E+13,1,1,1,1,1,1,1,1,8.905,26.588,32.878,3,2,2,1,1,1,1,1,1,1,1,1,1,1,1,0,0,92.949,0,3,62,4,5,3,5,4,2,77,65,2,48.435,48.435,49.967,1,-1
Default Response Set,Anonymous,,,0,07/10/2014 18:33,07/10/2014 18:39,1,0,0,0,1193611920,vqSM6F_2vdgVwbQH5usYIw**,74206,1,,0,363,1.794E+13,1,1,1,1,1,1,1,1,6.736,13.045,16.725,3,2,2,1,1,1,1,1,1,1,1,1,1,1,1,0,0,104.18,0,4,66,4,2,4,4,4,2,82,57,1,3.745,12.621,13.834,3,-1
Default Response Set,Anonymous,,,0,07/10/2014 19:13,07/10/2014 19:20,1,1,1,0,1217871405,vqSM6F_2vdh2SLK0l1J3kQ**,74206,1,,1,418,1.83046E+13,1,1,1,1,1,1,1,1,12.786,22.578,24.649,3,2,2,2,1,1,1,1,1,1,1,1,1,1,1,0,0,58.942,0,2,70,1,5,2,2,4,4,50,60,1,6.538,19.597,21.125,8,-1
Default Response Set,Anonymous,,,0,07/10/2014 19:53,07/10/2014 20:06,1,0,0,0,1131938960,vqSM6F_2vdhqLPNhonbvqg**,74206,1,,0,774,1.7013E+13,1,1,1,1,1,1,1,1,4.794,8.666,10.028,3,2,2,1,1,1,1,1,1,1,1,1,1,1,1,0,0,127.73,0,2,90,4,2,4,4,4,2,96,27,2,4.268,9.564,10.869,4,-1
Default Response Set,Anonymous,,,0,07/10/2014 20:53,07/10/2014 21:04,1,0,0,0,1120967824,vqSM6F_2vdhFIVUkVzLZqw**,74206,1,,0,690,1.68481E+13,1,1,1,1,1,1,1,1,9.829,29.705,33.679,3,2,2,1,1,1,1,1,1,1,1,1,1,1,1,0,0,183.638,0,3,70,3,4,4,3,2,4,61,52,1,24.694,44.123,48.327,5,-1
Default Response Set,Anonymous,,,0,07/10/2014 21:13,07/10/2014 21:23,1,0,0,0,1259259531,vqSM6F_2vdiMfTTYkKcwYw**,74206,1,,0,617,1.89267E+13,1,1,1,1,1,1,1,1,5.67,18.182,19.52,3,2,2,1,1,1,1,1,1,1,1,1,1,1,1,0,0,54.64,0,2,46,4,4,4,4,2,2,62,59,2,8.601,18.824,20.144,3,-1
Default Response Set,Anonymous,,,0,07/10/2014 21:53,07/10/2014 21:55,1,0,0,0,1260072603,vqSM6F_2vdhrsWthQPWw7A**,74206,1,,0,117,1.89389E+13,1,1,1,1,1,1,1,1,4.369,11.976,13.741,3,2,2,1,1,1,1,1,1,1,1,1,1,1,1,0,0,13.088,0,2,69,4,3,2,3,2,4,69,24,1,5.533,11.557,12.536,3,-1
Default Response Set,Anonymous,,,0,07/10/2014 21:53,07/10/2014 22:03,1,0,0,0,1233441228,vqSM6F_2vdiwSfgaJMpmHA**,74206,1,,0,635,1.85386E+13,1,1,1,1,1,1,1,1,4.823,17.023,18.539,3,2,2,1,1,1,1,1,1,1,1,1,1,1,1,0,0,96.071,0,5,60,4,2,4,4,4,2,90,30,1,11.127,16.911,18.363,3,-1
Default Response Set,Anonymous,,,0,07/10/2014 22:53,07/10/2014 23:04,1,0,0,0,1202485640,vqSM6F_2vdhcRP63LyIisg**,74206,1,,0,673,1.80734E+13,1,1,1,1,1,1,1,1,7.374,27.731,32.178,3,2,2,1,1,1,1,1,1,1,1,1,1,1,1,6.275,6.275,26.097,1,4,57,2,5,2,3,3,2,49,86,2,19.178,19.178,20.601,1,-1
Default Response Set,Anonymous,,,0,07/10/2014 23:53,07/10/2014 23:55,1,1,1,0,1233423299,vqSM6F_2vdiBkyhTmLxlNw**,74206,1,,1,164,1.85384E+13,1,1,1,1,1,1,1,1,10.964,34.261,37.552,4,1,2,1,1,1,1,1,1,1,1,1,1,1,1,0,0,8.879,0,1,91,1,1,1,1,1,1,85,79,1,14.191,28.542,30.59,5,-1
Default Response Set,Anonymous,,,0,07/10/2014 23:53,07/10/2014 23:57,1,1,1,0,1251806244,vqSM6F_2vdhJ9oOYEy0NAw**,74206,1,,1,246,1.88146E+13,1,1,1,1,1,1,1,1,6.146,14.77,18.133,3,1,2,1,1,1,1,1,1,1,1,1,1,1,1,0,0,18.078,0,4,92,4,2,4,4,4,2,80,53,1,5.9,15.443,17.095,5,-1
Default Response Set,Anonymous,,,0,08/10/2014 00:33,08/10/2014 00:38,1,1,1,0,1211016134,vqSM6F_2vdh2iMGHV7GX3w**,74206,1,,1,331,1.82016E+13,1,1,1,1,1,1,1,1,13.701,26.436,29.11,3,2,1,1,1,1,1,1,1,1,1,1,1,1,1,0,0,64.992,0,5,18,1,5,1,2,2,4,18,57,1,6.308,34.145,34.4,7,-1
Default Response Set,Anonymous,,,0,08/10/2014 00:33,08/10/2014 00:40,1,0,0,0,1233809438,vqSM6F_2vdhYoyeo9lGVrQ**,74206,1,,0,410,1.85442E+13,1,1,1,1,1,1,1,1,5.218,18.846,22.146,5,2,2,1,1,1,1,1,1,1,1,1,1,1,1,0,0,107.934,0,3,76,5,2,5,5,3,1,84,38,2,14.505,37.957,39.716,9,-1
Default Response Set,Anonymous,,,0,08/10/2014 02:13,08/10/2014 02:17,1,0,0,0,1208008042,vqSM6F_2vdjew7TeKfxZCA**,74206,1,,0,285,1.81564E+13,1,1,1,1,1,1,1,1,8.776,25.274,28.215,6,2,2,1,1,1,1,1,1,1,1,1,1,1,1,0,0,100.714,0,2,79,3,2,4,4,4,1,43,42,2,18.251,19.959,22.201,2,-1
Default Response Set,Anonymous,,,0,08/10/2014 02:13,08/10/2014 02:18,1,0,0,0,1131933879,vqSM6F_2vdjeXUiZ8xNEmQ**,74206,1,,0,311,1.7013E+13,1,1,1,1,1,1,1,1,5.879,36.01,38.181,3,2,2,1,1,1,1,1,1,1,1,1,1,1,1,60.192,73.353,76.166,2,5,53,1,5,1,1,2,4,32,53,2,5.515,14.51,15.624,3,-1
Default Response Set,Anonymous,,,0,08/10/2014 02:13,08/10/2014 02:18,1,1,1,0,1198773603,vqSM6F_2vdjS8QfFY6JrZg**,74206,1,,1,325,1.80176E+13,1,1,1,1,1,1,1,1,9.917,23.085,24.458,3,1,2,1,1,1,1,1,1,1,1,1,1,1,1,0,0,7.372,0,5,41,4,5,4,4,4,3,80,18,2,5.514,10.351,11.306,3,-1
Default Response Set,Anonymous,,,0,08/10/2014 02:13,08/10/2014 02:21,1,0,0,0,1217735709,vqSM6F_2vdgCmJX_DTMQ4Q**,74206,1,,0,516,1.83026E+13,1,1,1,1,1,1,1,1,4.582,23.205,24.749,3,2,2,1,1,1,1,1,1,1,1,1,1,1,1,0,0,171.615,0,4,93,4,2,4,4,4,1,70,55,2,9.467,18.507,19.98,4,-1
Default Response Set,Anonymous,,,0,07/10/2014 21:53,08/10/2014 02:23,1,1,1,0,1117575232,vqSM6F_2vdjYG83n2iQH-g**,74206,1,,1,16230,1.67972E+13,1,1,1,1,1,1,1,1,3.125,7.888,10.968,3,1,2,1,1,1,1,1,1,1,1,1,1,1,1,0,0,33.801,0,4,70,4,3,4,4,4,2,60,41,1,22.624,29.309,30.172,4,-1
Default Response Set,Anonymous,,,0,08/10/2014 02:13,08/10/2014 02:30,1,0,0,0,1255901029,vqSM6F_2vdgs4uzIIbDgUg**,74206,1,,0,1013,1.88762E+13,1,1,1,1,1,1,1,1,11.406,29.716,31.94,3,2,2,1,1,1,1,1,1,1,1,1,1,1,1,0,0,264.742,0,4,60,4,3,4,3,4,3,83,23,2,58.864,60.218,61.052,2,-1
Default Response Set,Anonymous,,,0,08/10/2014 04:53,08/10/2014 05:02,1,0,0,0,1082432241,vqSM6F_2vdhZSurC5SIUAg**,74206,1,,0,539,1.6269E+13,1,1,1,1,1,1,1,1,26.676,42.502,45.806,5,2,2,1,1,1,1,1,1,1,1,1,1,1,1,0,0,90.03,0,5,50,2,4,2,3,3,3,90,51,1,11.035,21.637,23.206,4,-1
Default Response Set,Anonymous,,,0,08/10/2014 05:33,08/10/2014 05:42,1,0,0,0,1131948440,vqSM6F_2vdg3NylA_gFXzA**,74206,1,,0,528,1.70132E+13,1,1,1,1,1,1,1,1,8.769,22.641,26.879,3,2,2,1,1,1,1,1,1,1,1,1,1,1,1,0,0,149.359,0,2,62,5,2,4,4,4,2,84,65,1,8.827,17.977,19.71,3,-1
Default Response Set,Anonymous,,,0,08/10/2014 05:33,08/10/2014 05:51,1,0,0,0,1262158644,vqSM6F_2vdiMbpoTEGOsQg**,74206,1,,0,1076,1.89702E+13,1,1,1,1,1,1,1,1,7.401,25.995,31.92,3,2,2,1,1,1,1,1,1,1,1,1,1,1,1,0,0,367.838,0,2,87,5,1,4,4,5,1,86,52,1,37.891,40.252,42.143,2,-1
Default Response Set,Anonymous,,,0,08/10/2014 06:18,08/10/2014 06:26,1,1,1,0,1179160328,vqSM6F_2vdj348IcY3xb0Q**,74206,1,,1,496,1.77228E+13,1,1,1,1,1,1,1,1,5.393,70.44,72.438,3,1,2,1,1,1,1,1,1,1,1,1,1,1,1,0,0,5.324,0,4,14,4,3,3,4,4,3,22,20,1,2.355,17.157,18.177,3,-1
Default Response Set,Anonymous,,,0,08/10/2014 06:33,08/10/2014 06:34,1,1,1,0,1096118939,vqSM6F_2vdjIYx6OJKsvkA**,74206,1,,1,48,1.64747E+13,1,1,1,1,1,1,1,1,1.977,7.195,9.032,4,2,2,2,1,1,1,1,1,1,1,1,1,1,1,0,0,3.664,0,3,63,3,3,3,3,3,3,62,66,2,1.378,5.15,6.159,4,-1
Default Response Set,Anonymous,,,0,08/10/2014 06:33,08/10/2014 06:36,1,0,0,0,1132061102,vqSM6F_2vdhf5OC4pcOlzA**,74206,1,,0,173,1.70149E+13,1,1,1,1,1,1,1,1,4.813,13.938,16.344,3,2,2,1,1,1,1,1,1,1,1,1,1,1,1,0,0,13.016,0,3,50,4,1,4,4,4,1,62,60,2,3.75,10.172,11.312,4,-1
Default Response Set,Anonymous,,,0,08/10/2014 06:33,08/10/2014 06:37,1,0,0,0,1255944365,vqSM6F_2vdhcWYjU41xVVA**,74206,1,,0,249,1.88768E+13,1,1,1,1,1,1,1,1,8.958,15.215,17.624,3,2,2,1,1,1,1,1,1,1,1,1,1,1,1,0,0,63.86,0,2,13,3,4,3,2,2,3,19,46,2,9.225,17.718,19.322,3,-1
Default Response Set,Anonymous,,,0,08/10/2014 06:33,08/10/2014 06:46,1,0,0,0,1261965961,vqSM6F_2vdjIkiyP4R3ztQ**,74206,1,,0,757,1.89673E+13,1,1,1,1,1,1,1,1,8.044,14.354,17.809,3,2,2,1,1,1,1,1,1,1,1,1,1,1,1,0,0,290.807,0,3,70,4,2,4,4,4,1,62,29,2,26.095,35.913,38.706,2,-1
Default Response Set,Anonymous,,,0,08/10/2014 08:53,08/10/2014 08:57,1,1,1,0,1197451724,vqSM6F_2vdi3vHQy2ezD0g**,74206,1,,1,239,1.79977E+13,1,1,1,1,1,1,1,1,5.78,14.004,15.492,3,1,2,1,1,1,1,1,1,1,1,1,1,1,1,0,0,72.995,0,3,52,2,5,3,4,2,3,32,34,1,3.061,9.492,10.831,2,-1
Default Response Set,Anonymous,,,0,08/10/2014 08:53,08/10/2014 09:18,1,0,0,0,1223842382,vqSM6F_2vdiDvkVDfwvlMw**,74206,1,,0,1548,1.83944E+13,1,1,1,1,1,1,1,1,77.98,88.557,92.936,3,2,2,1,1,1,1,1,1,1,1,1,1,1,1,0,0,741.283,0,3,50,1,5,1,1,1,3,50,63,1,11.602,17.801,20.766,3,-1
Default Response Set,Anonymous,,,0,08/10/2014 10:13,08/10/2014 10:19,1,1,1,0,1251942601,vqSM6F_2vdhivk8yBbwtKQ**,74206,1,,1,399,1.88167E+13,1,1,1,1,1,1,1,1,2.715,10.313,13.836,4,1,2,1,1,1,1,1,1,1,1,1,1,1,1,12.526,12.526,66.562,1,1,96,5,1,5,5,1,4,12,35,1,15.821,16.717,17.919,2,-1
Default Response Set,Anonymous,,,0,08/10/2014 10:13,08/10/2014 10:22,1,1,1,0,1261083092,vqSM6F_2vdgilxLDKjES0w**,74206,1,,1,535,1.89541E+13,1,1,1,1,1,1,1,1,12.087,18.05,19.531,3,2,2,2,1,1,1,1,1,1,1,1,1,1,1,0,0,7.499,0,2,72,4,5,2,5,3,1,78,22,1,62.889,87.217,87.95,3,-1
Default Response Set,Anonymous,,,0,08/10/2014 11:13,08/10/2014 11:15,1,1,1,0,1255527081,vqSM6F_2vdiV5tQgmYjKjw**,74206,1,,1,124,1.88706E+13,1,1,1,1,1,1,1,1,8.439,13.718,14.59,4,1,2,1,1,1,1,1,1,1,1,1,1,1,1,0,0,5.876,0,3,61,3,4,3,4,3,2,66,24,2,1.633,11.308,12.229,4,-1
Default Response Set,Anonymous,,,0,08/10/2014 11:13,08/10/2014 11:21,1,0,0,0,1261300397,vqSM6F_2vdh1YD-7N_ovkQ**,74206,1,,0,521,1.89573E+13,1,1,1,1,1,1,1,1,10.831,30.539,12.572,6,2,2,1,1,1,1,1,1,1,1,1,1,1,1,0,0,65.743,0,4,67,4,4,4,4,4,1,81,36,2,21.346,21.346,22.376,1,-1
Default Response Set,Anonymous,,,0,08/10/2014 12:53,08/10/2014 12:56,1,0,0,0,1253975306,vqSM6F_2vdjmphFngZaGUg**,74206,1,,0,184,1.88472E+13,1,1,1,1,1,1,1,1,7.15,12.741,14.602,5,2,2,1,1,1,1,1,1,1,1,1,1,1,1,0,0,3.543,0,3,53,3,3,3,3,3,3,68,18,1,63.457,73.682,74.441,6,-1
Default Response Set,Anonymous,,,0,08/10/2014 12:53,08/10/2014 13:00,1,0,0,0,1261081787,vqSM6F_2vdgMmSTqeSJ86g**,74206,1,,0,448,1.89541E+13,1,1,1,1,1,1,1,1,6.494,16.666,18.978,3,2,2,1,1,1,1,1,1,1,1,1,1,1,1,82.51,82.51,84.149,1,3,57,3,2,2,4,3,2,39,45,2,12.143,40.582,42.927,4,-1
Default Response Set,Anonymous,,,0,08/10/2014 14:33,08/10/2014 14:50,1,0,0,0,1261641356,vqSM6F_2vdijAcNq1PTMvg**,74206,1,,0,1022,1.89625E+13,1,1,1,1,1,1,1,1,5.78,15.89,18.502,3,2,2,1,1,1,1,1,1,1,1,1,1,1,1,0,0,405.273,0,2,82,5,1,5,5,4,1,94,18,2,61.208,61.208,63.382,1,-1
Default Response Set,Anonymous,,,0,08/10/2014 16:14,08/10/2014 16:15,1,1,1,0,1257189798,vqSM6F_2vdhWoBXY2a2rPw**,74206,1,,1,66,1.88956E+13,1,1,1,1,1,1,1,1,3.477,9.285,11.21,3,1,2,1,1,1,1,1,1,1,1,1,1,1,1,0,0,11.84,0,1,49,3,3,3,3,3,3,44,55,1,2.213,5.535,5.886,4,-1
Default Response Set,Anonymous,,,0,08/10/2014 16:14,08/10/2014 16:20,1,0,0,0,1201000375,vqSM6F_2vdhbgmV6U-6Yfg**,74206,1,,0,374,1.8051E+13,1,1,1,1,1,1,1,1,11.288,20.905,22.591,3,2,2,1,1,1,1,1,1,1,1,1,1,1,1,0,0,93.023,0,3,52,3,5,3,3,3,4,51,73,1,7.148,16.253,17.52,4,-1
Default Response Set,Anonymous,,,0,08/10/2014 17:13,08/10/2014 17:20,1,0,0,0,1132306293,vqSM6F_2vdg1jM1q6Xr24Q**,74206,1,,0,419,1.70186E+13,1,1,1,1,1,1,1,1,7.782,15.102,21.555,3,2,2,1,1,1,1,1,1,1,1,1,1,1,1,0,0,101.336,0,5,51,1,5,2,2,1,4,51,60,1,7.453,16.408,18.055,3,-1
Default Response Set,Anonymous,,,0,08/10/2014 17:33,08/10/2014 17:39,1,1,1,0,1248538653,vqSM6F_2vdhtylVoyt7w1A**,74206,1,,1,397,1.87655E+13,1,1,1,1,1,1,1,1,33.032,37.915,38.937,3,1,2,1,1,1,1,1,1,1,1,1,1,1,1,0,0,22.047,0,1,25,3,4,5,5,3,2,89,48,2,95.902,95.902,97.025,1,-1
Default Response Set,Anonymous,,,0,08/10/2014 18:33,08/10/2014 18:34,1,1,1,0,1131921769,vqSM6F_2vdgAcvDYgycGXg**,74206,1,,1,83,1.70128E+13,1,1,1,1,1,1,1,1,4.378,11.736,13.744,3,1,2,1,1,1,1,1,1,1,1,1,1,1,1,0,0,7.337,0,3,62,3,3,3,3,3,3,59,64,1,3.896,13.116,14.43,4,-1
Default Response Set,Anonymous,,,0,08/10/2014 19:13,08/10/2014 19:23,1,0,0,0,1260427249,vqSM6F_2vdjyc6kVVl7Gcw**,74206,1,,0,594,1.89442E+13,1,1,1,1,1,1,1,1,7.806,21.447,26.434,3,2,2,1,1,1,1,1,1,1,1,1,1,1,1,35.168,35.168,157.5,1,2,100,3,4,4,4,3,3,90,64,2,10.227,24.786,26.121,2,-1
Default Response Set,Anonymous,,,0,08/10/2014 19:33,08/10/2014 19:37,1,0,0,0,1131937652,vqSM6F_2vdiw7m7kkRqfxA**,74206,1,,0,243,1.7013E+13,1,1,1,1,1,1,1,1,2.956,9.298,10.279,3,2,2,1,1,1,1,1,1,1,1,1,1,1,1,0,0,27.08,0,3,70,2,4,2,2,2,3,66,44,1,3.884,11.084,11.972,6,-1
Default Response Set,Anonymous,,,0,08/10/2014 19:33,08/10/2014 19:46,1,0,0,0,1259958528,vqSM6F_2vdj8HA0G1gcDlw**,74206,1,,0,766,1.89372E+13,1,1,1,1,1,1,1,1,4.332,13.26,17.334,3,2,2,1,1,1,1,1,1,1,1,1,1,1,1,0,0,345.597,0,2,52,5,4,5,5,5,1,76,41,1,8.756,18.626,19.911,3,-1
Default Response Set,Anonymous,,,0,08/10/2014 20:13,08/10/2014 20:56,1,1,1,0,1115699454,vqSM6F_2vdjghRfMdIcY3g**,74206,1,,1,2574,1.6769E+13,1,1,1,1,1,1,1,1,5.285,13.298,15.016,3,1,2,1,1,1,1,1,1,1,1,1,1,1,1,0,0,1615.543,0,3,31,3,3,3,2,3,2,49,46,2,13.769,21.473,22.573,3,-1
Default Response Set,Anonymous,,,0,08/10/2014 21:13,08/10/2014 21:19,1,1,1,0,1093582731,vqSM6F_2vdiU6PIzssOlxQ**,74206,1,,1,396,1.64365E+13,1,1,1,1,1,1,1,1,5.16,20.813,22.691,3,2,1,1,1,1,1,1,1,1,1,1,1,1,1,0,0,72.916,0,4,29,3,4,3,2,4,3,60,58,1,12.683,24.919,28.794,4,-1
Default Response Set,Anonymous,,,0,08/10/2014 21:33,08/10/2014 21:35,1,0,0,0,1132114311,vqSM6F_2vdjTOL61ztiWJQ**,74206,1,,0,163,1.70157E+13,1,1,1,1,1,1,1,1,4.568,13.168,14.597,3,2,2,1,1,1,1,1,1,1,1,1,1,1,1,0,0,19.704,0,5,81,1,5,2,2,2,5,70,49,1,5.641,10.873,12.021,3,-1
Default Response Set,Anonymous,,,0,08/10/2014 20:13,08/10/2014 21:46,1,1,1,0,1253756015,vqSM6F_2vdiQsTh8sYWLlw**,74206,1,,1,5608,1.8844E+13,1,1,1,1,1,1,1,1,7.645,18.292,20.769,3,1,2,1,1,1,1,1,1,1,1,1,1,1,1,899.242,3552.132,4529.744,2,3,10,3,3,3,3,3,3,50,28,2,12.238,26.757,28.303,3,-1
Default Response Set,Anonymous,,,0,08/10/2014 22:53,08/10/2014 22:54,1,1,1,0,1256467105,vqSM6F_2vdgJ7_N0Iii4aA**,74206,1,,1,112,1.88847E+13,1,1,1,1,1,1,1,1,7.063,14.839,16.193,3,1,2,1,1,1,1,1,1,1,1,1,1,1,1,0,0,7.243,0,4,66,4,4,4,4,4,3,65,65,1,0.775,7.645,8.799,4,-1
Default Response Set,Anonymous,,,0,08/10/2014 23:53,08/10/2014 23:57,1,0,0,0,1253432975,vqSM6F_2vdjZ0Z3fm_9plA**,74206,1,,0,271,1.88391E+13,1,1,1,1,1,1,1,1,5.315,10.84,12.641,5,2,2,1,1,1,1,1,1,1,1,1,1,1,1,0,0,8.566,0,3,37,1,4,2,3,5,1,69,25,2,18.436,18.436,20.283,1,-1
Default Response Set,Anonymous,,,0,08/10/2014 23:53,09/10/2014 00:04,1,0,0,0,1232696074,vqSM6F_2vdhcueFQaJJirw**,74206,1,,0,659,1.85274E+13,1,1,1,1,1,1,1,1,3.897,39.998,45.822,4,2,2,1,1,1,1,1,1,1,1,1,1,1,1,0,0,170.258,0,5,81,1,4,2,2,1,4,80,55,2,13.394,32.212,34.525,7,-1
Default Response Set,Anonymous,,,0,09/10/2014 00:33,09/10/2014 00:35,1,1,1,0,1260721444,vqSM6F_2vdjgdmQWu_dfDw**,74206,1,,1,117,1.89486E+13,1,1,1,1,1,1,1,1,6.474,13.073,14.095,4,1,2,1,1,1,1,1,1,1,1,1,1,1,1,0,0,20.888,0,4,59,4,3,3,4,4,2,83,27,2,7.566,11.222,11.927,3,-1
Default Response Set,Anonymous,,,0,09/10/2014 01:13,09/10/2014 01:16,1,1,1,0,1150537958,vqSM6F_2vdilQ6gGGn7TZw**,74206,1,,1,196,1.72926E+13,1,1,1,1,1,1,1,1,3.735,11.041,12.904,3,1,2,1,1,1,1,1,1,1,1,1,1,1,1,0,0,47.046,0,3,71,3,3,3,3,3,3,80,23,1,8.507,15.322,16.389,4,-1
Default Response Set,Anonymous,,,0,09/10/2014 01:13,09/10/2014 01:17,1,1,1,0,1091619111,vqSM6F_2vdg4BLuO3g3cww**,74206,1,,1,268,1.6407E+13,1,1,1,1,1,1,1,1,3.427,15.704,20.876,4,2,1,1,1,1,1,1,1,1,1,1,1,1,1,0,0,19.298,0,3,92,5,1,5,5,5,1,96,47,1,6.025,19.025,20.9,4,-1
Default Response Set,Anonymous,,,0,09/10/2014 01:53,09/10/2014 02:14,1,0,0,0,1178459053,vqSM6F_2vdjJZPqsvME5OA**,74206,1,,0,1261,1.77122E+13,1,1,1,1,1,1,1,1,9.332,24.714,27.198,4,2,2,1,1,1,1,1,1,1,1,1,1,1,1,0,0,212.758,0,5,65,5,2,5,5,5,1,80,76,2,10.041,31.877,33.899,3,-1
Default Response Set,Anonymous,,,0,09/10/2014 02:13,09/10/2014 02:20,1,0,0,0,1209361650,vqSM6F_2vdgujep0ffKDnQ**,74206,1,,0,434,1.81767E+13,1,1,1,1,1,1,1,1,6.242,17.324,20.873,3,2,2,1,1,1,1,1,1,1,1,1,1,1,1,0,0,139.552,0,2,30,4,3,4,4,4,2,75,66,1,10.43,19.348,21.592,3,-1
Default Response Set,Anonymous,,,0,09/10/2014 02:33,09/10/2014 02:38,1,0,0,0,1260289156,vqSM6F_2vdikJPs1caFkuQ**,74206,1,,0,321,1.89421E+13,1,1,1,1,1,1,1,1,45.313,65.227,66.886,3,2,2,1,1,1,1,1,1,1,1,1,1,1,1,11.656,12.291,32.503,2,4,65,4,2,4,4,2,2,90,24,1,49.855,58.098,58.936,4,-1
Default Response Set,Anonymous,,,0,09/10/2014 02:33,09/10/2014 02:41,1,0,0,0,1225802815,vqSM6F_2vdhrSexggi_LIg**,74206,1,,0,503,1.84238E+13,1,1,1,1,1,1,1,1,4.774,15.844,17.209,3,2,2,1,1,1,1,1,1,1,1,1,1,1,1,0,0,166.756,0,3,91,4,1,5,5,2,2,85,61,2,9.98,16.179,17.612,3,-1
Default Response Set,Anonymous,,,0,09/10/2014 02:33,09/10/2014 02:46,1,0,0,0,1079198572,vqSM6F_2vdhfpXJSWzQDQA**,74206,1,,0,831,1.62204E+13,1,1,1,1,1,1,1,1,4.686,14.468,18.918,3,2,2,1,1,1,1,1,1,1,1,1,1,1,1,158.998,273.565,273.768,3,2,72,3,2,4,3,4,2,50,59,2,24.122,43.931,45.516,3,-1
Default Response Set,Anonymous,,,0,09/10/2014 03:33,09/10/2014 03:41,1,1,1,0,1173334298,vqSM6F_2vdiWWowXth7ygA**,74206,1,,1,483,1.76352E+13,1,1,1,1,1,1,1,1,2.75,8.982,11.183,3,1,2,1,1,1,1,1,1,1,1,1,1,1,1,0,0,6.079,0,3,51,3,3,3,3,3,3,50,67,1,410.028,413.524,414.405,3,-1
Default Response Set,Anonymous,,,0,09/10/2014 03:53,09/10/2014 04:04,1,0,0,0,1241383282,vqSM6F_2vdi16CsRCQO86w**,74206,1,,0,668,1.8658E+13,1,1,1,1,1,1,1,1,9.665,20.642,23.635,3,2,2,1,1,1,1,1,1,1,1,1,1,1,1,0,0,212.608,0,3,80,2,4,3,3,2,4,75,51,2,8.303,20.804,22.689,5,-1
Default Response Set,Anonymous,,,0,09/10/2014 04:13,09/10/2014 04:15,1,0,0,0,1260373950,vqSM6F_2vdh_DrQr_a88IA**,74206,1,,0,171,1.89434E+13,1,1,1,1,1,1,1,1,5.262,15.26,17.788,4,2,2,1,1,1,1,1,1,1,1,1,1,1,1,0,0,7.185,0,3,38,4,4,4,2,3,4,16,22,1,16.472,17.556,18.262,2,-1
Default Response Set,Anonymous,,,0,09/10/2014 04:13,09/10/2014 04:19,1,1,1,0,1250544224,vqSM6F_2vdhInlyTEGfA8g**,74206,1,,1,410,1.87957E+13,1,1,1,1,1,1,1,1,14.087,32.959,37.86,3,2,1,1,1,1,1,1,1,1,1,1,1,1,1,0,0,87.916,0,2,86,4,2,4,4,5,2,59,62,1,12.4,27.32,28.699,4,-1
Default Response Set,Anonymous,,,0,09/10/2014 04:13,09/10/2014 05:34,1,0,0,0,1255008956,vqSM6F_2vdg2xN3KHik54g**,74206,1,,0,4893,1.88628E+13,1,1,1,1,1,1,1,1,6.914,16.497,18.638,3,2,2,1,1,1,1,1,1,1,1,1,1,1,1,0,0,4432.473,0,3,71,4,1,5,4,4,5,71,72,1,8.144,18.927,19.951,5,-1
Default Response Set,Anonymous,,,0,09/10/2014 05:33,09/10/2014 05:35,1,1,1,0,1261357695,vqSM6F_2vdicINsMmvb2kQ**,74206,1,,1,129,1.89582E+13,1,1,1,1,1,1,1,1,4.508,11.419,13.079,3,1,2,1,1,1,1,1,1,1,1,1,1,1,1,0,0,12.084,0,4,80,5,5,5,5,4,1,89,35,2,6.56,12.335,13.402,5,-1
Default Response Set,Anonymous,,,0,09/10/2014 05:33,09/10/2014 05:36,1,0,0,0,1241331697,vqSM6F_2vdgRXfUr45pkvw**,74206,1,,0,180,1.86572E+13,1,1,1,1,1,1,1,1,8.361,22.819,24.725,3,2,2,1,1,1,1,1,1,1,1,1,1,1,1,0,0,7.694,0,4,40,3,4,3,4,3,2,26,24,2,9.823,16.135,17.212,3,-1
Default Response Set,Anonymous,,,0,09/10/2014 05:33,09/10/2014 05:43,1,1,1,0,1091849346,vqSM6F_2vdhVtX1_25bsQA**,74206,1,,1,598,1.64105E+13,1,1,1,1,1,1,1,1,3.042,20.939,24.968,4,1,2,1,1,1,1,1,1,1,1,1,1,1,1,0,0,43.471,0,5,72,5,1,5,5,5,1,91,70,2,12.467,28.136,30.575,7,-1
Default Response Set,Anonymous,,,0,09/10/2014 05:33,09/10/2014 05:44,1,1,1,0,1259559582,vqSM6F_2vdhfiAy9QIkMaw**,74206,1,,1,686,1.89312E+13,1,1,1,1,1,1,1,1,5.857,37.706,45.726,12,1,2,1,1,1,1,1,1,1,1,1,1,1,1,358.307,373.604,375.284,14,2,99,5,3,4,3,4,1,34,25,2,11.2,33.819,34.934,6,-1
Default Response Set,Anonymous,,,0,09/10/2014 06:53,09/10/2014 06:59,1,0,0,0,1212716831,vqSM6F_2vdiUU_iqPfyFEA**,74206,1,,0,371,1.82271E+13,1,1,1,1,1,1,1,1,6.414,16.732,20.316,3,2,2,1,1,1,1,1,1,1,1,1,1,1,1,0,0,93.564,0,2,66,4,4,3,4,4,2,90,54,1,11.12,20.225,21.781,3,-1
Default Response Set,Anonymous,,,0,09/10/2014 07:33,09/10/2014 07:35,1,1,1,0,1260661312,vqSM6F_2vdizUBO9qCDqLA**,74206,1,,1,139,1.89477E+13,1,1,1,1,1,1,1,1,3.237,8.15,9.688,3,2,2,2,1,1,1,1,1,1,1,1,1,1,1,0,0,68.01,0,3,33,4,3,4,4,2,2,40,22,2,1.187,18.082,21.941,4,-1
Default Response Set,Anonymous,,,0,09/10/2014 07:33,09/10/2014 07:44,1,0,0,0,1114723187,vqSM6F_2vdjhlX9JLAAIrQ**,74206,1,,0,696,1.67543E+13,1,1,1,1,1,1,1,1,6.387,15.004,29.89,3,2,2,1,1,1,1,1,1,1,1,1,1,1,1,0,0,251.721,0,3,92,4,2,5,5,4,2,82,58,2,22.802,22.802,24.777,1,-1
Default Response Set,Anonymous,,,0,09/10/2014 07:33,09/10/2014 07:47,1,0,0,0,1167293890,vqSM6F_2vdgz5RPsXvhU_Q**,74206,1,,0,849,1.75444E+13,1,1,1,1,1,1,1,1,7.548,21.243,23.815,3,2,2,1,1,1,1,1,1,1,1,1,1,1,1,222.412,222.412,227.672,1,2,84,5,1,4,5,5,1,100,41,2,23.525,23.525,25.262,1,-1
Default Response Set,Anonymous,,,0,09/10/2014 08:33,09/10/2014 08:35,1,0,0,0,1131921640,vqSM6F_2vdgXBa06orxLYw**,74206,1,,0,155,1.70128E+13,1,1,1,1,1,1,1,1,1.83,5.469,14.203,3,2,2,1,1,1,1,1,1,1,1,1,1,1,1,2.903,4.543,26.91,2,3,41,2,3,4,3,4,3,31,55,1,4.091,7.299,8.031,3,-1
Default Response Set,Anonymous,,,0,09/10/2014 08:57,09/10/2014 08:59,1,1,1,0,1262034944,vqSM6F_2vdgBUTQYmg7EiA**,74206,1,,1,145,1.89684E+13,1,1,1,1,1,1,1,1,1.625,10.089,11.835,6,1,2,1,1,1,1,1,1,1,1,1,1,1,1,0,0,12.626,0,3,45,3,4,4,4,3,2,90,35,1,1.553,19.945,21.588,4,-1
Default Response Set,Anonymous,,,0,09/10/2014 08:57,09/10/2014 09:07,1,0,0,0,1204651324,vqSM6F_2vdgZ_Psw1zJFBQ**,74206,1,,0,602,1.81059E+13,1,1,1,1,1,1,1,1,3.524,7.902,10.385,3,2,2,1,1,1,1,1,1,1,1,1,1,1,1,0,0,199.263,0,2,92,5,1,5,5,5,1,94,39,1,6.056,21.546,22.244,7,-1
Default Response Set,Anonymous,,,0,09/10/2014 08:57,09/10/2014 09:26,1,1,1,0,1131900234,vqSM6F_2vdjro6okAM1g5Q**,74206,1,,1,1735,1.70125E+13,1,1,1,1,1,1,1,1,8.022,13.991,15.539,3,1,2,1,1,1,1,1,1,1,1,1,1,1,1,0,0,11.609,0,2,75,4,2,4,4,4,2,68,54,1,15.505,15.505,17.36,1,-1
